SET session_replication_role = replica;

--
-- PostgreSQL database dump
--

-- \restrict jNggGf69oNMNAZchDyhGjauBlhwrySSbgBMdteMvSIppWp0fJwRPwcnfDuLctIE

-- Dumped from database version 17.6
-- Dumped by pg_dump version 17.6

SET statement_timeout = 0;
SET lock_timeout = 0;
SET idle_in_transaction_session_timeout = 0;
SET transaction_timeout = 0;
SET client_encoding = 'UTF8';
SET standard_conforming_strings = on;
SELECT pg_catalog.set_config('search_path', '', false);
SET check_function_bodies = false;
SET xmloption = content;
SET client_min_messages = warning;
SET row_security = off;

--
-- Data for Name: audit_log_entries; Type: TABLE DATA; Schema: auth; Owner: supabase_auth_admin
--



--
-- Data for Name: custom_oauth_providers; Type: TABLE DATA; Schema: auth; Owner: supabase_auth_admin
--



--
-- Data for Name: flow_state; Type: TABLE DATA; Schema: auth; Owner: supabase_auth_admin
--

INSERT INTO "auth"."flow_state" ("id", "user_id", "auth_code", "code_challenge_method", "code_challenge", "provider_type", "provider_access_token", "provider_refresh_token", "created_at", "updated_at", "authentication_method", "auth_code_issued_at", "invite_token", "referrer", "oauth_client_state_id", "linking_target_id", "email_optional") VALUES
	('99ac5174-b5b7-4e41-a75b-d4fc3e4bd3c9', NULL, NULL, NULL, NULL, 'google', '', '', '2026-02-23 17:46:50.626679+00', '2026-02-23 17:46:50.626679+00', 'oauth', NULL, NULL, 'http://localhost:3000/signup-student', NULL, NULL, false),
	('873af281-27e8-4a6d-81df-e54c5a534ddb', NULL, NULL, NULL, NULL, 'google', '', '', '2026-02-24 08:15:24.784256+00', '2026-02-24 08:15:24.784256+00', 'oauth', NULL, NULL, 'http://localhost:3000/login', NULL, NULL, false),
	('cc946101-39e3-401e-8f76-9808cf9e97e0', NULL, NULL, NULL, NULL, 'google', '', '', '2026-02-24 08:27:02.390228+00', '2026-02-24 08:27:02.390228+00', 'oauth', NULL, NULL, 'http://localhost:3000/login', NULL, NULL, false),
	('a7adc496-d38d-4afd-ae1a-6894f9ee5908', NULL, NULL, NULL, NULL, 'google', '', '', '2026-02-24 08:31:41.398537+00', '2026-02-24 08:31:41.398537+00', 'oauth', NULL, NULL, 'http://localhost:3000/login', NULL, NULL, false),
	('439eb539-e888-45d8-b0b8-cc13fa3f12f8', NULL, NULL, NULL, NULL, 'google', '', '', '2026-02-24 20:02:26.787407+00', '2026-02-24 20:02:26.787407+00', 'oauth', NULL, NULL, 'http://localhost:3000/login', NULL, NULL, false),
	('111904ce-6663-4d3b-af78-1ea1ced4ad8d', NULL, NULL, NULL, NULL, 'google', '', '', '2026-02-24 20:03:07.06397+00', '2026-02-24 20:03:07.06397+00', 'oauth', NULL, NULL, 'http://localhost:3000/login', NULL, NULL, false),
	('926de55e-df66-4eec-857b-9308dde209b9', NULL, NULL, NULL, NULL, 'google', '', '', '2026-02-24 20:12:28.182933+00', '2026-02-24 20:12:28.182933+00', 'oauth', NULL, NULL, 'http://localhost:3000/login', NULL, NULL, false),
	('98312a07-609e-421a-9da9-6d622dc18b16', NULL, NULL, NULL, NULL, 'google', '', '', '2026-03-09 04:51:58.292358+00', '2026-03-09 04:51:58.292358+00', 'oauth', NULL, NULL, 'http://localhost:3000/login', NULL, NULL, false);


--
-- Data for Name: users; Type: TABLE DATA; Schema: auth; Owner: supabase_auth_admin
--

INSERT INTO "auth"."users" ("instance_id", "id", "aud", "role", "email", "encrypted_password", "email_confirmed_at", "invited_at", "confirmation_token", "confirmation_sent_at", "recovery_token", "recovery_sent_at", "email_change_token_new", "email_change", "email_change_sent_at", "last_sign_in_at", "raw_app_meta_data", "raw_user_meta_data", "is_super_admin", "created_at", "updated_at", "phone", "phone_confirmed_at", "phone_change", "phone_change_token", "phone_change_sent_at", "email_change_token_current", "email_change_confirm_status", "banned_until", "reauthentication_token", "reauthentication_sent_at", "is_sso_user", "deleted_at", "is_anonymous") VALUES
	('00000000-0000-0000-0000-000000000000', '4a56d3c2-a717-4c8b-8c6b-826226be75b5', 'authenticated', 'authenticated', 'a@b.com', '$2a$10$JKerw27XIORCTuzeECiC7uLOgoFaGMpDpMC3lFZPdgg1SgA0GCU9.', '2026-02-23 19:08:56.241401+00', NULL, '', NULL, '', NULL, '', '', NULL, '2026-02-23 19:08:56.246455+00', '{"provider": "email", "providers": ["email"]}', '{"sub": "4a56d3c2-a717-4c8b-8c6b-826226be75b5", "email": "a@b.com", "email_verified": true, "phone_verified": false}', NULL, '2026-02-23 19:08:56.211042+00', '2026-02-23 20:11:26.729892+00', NULL, NULL, '', '', NULL, '', 0, NULL, '', NULL, false, NULL, false),
	('00000000-0000-0000-0000-000000000000', '8f253cc8-310c-485c-b5ce-cd8a911322d9', 'authenticated', 'authenticated', 'bryant1416@gmail.com', '$2a$10$BIqmQhoyhokOk4k19QjWDOGK3vyJmbPsUo3YOMAM7h9gWjOgd67iG', '2026-02-23 20:46:45.205069+00', NULL, '', NULL, '', NULL, '', '', NULL, '2026-02-23 20:46:45.207231+00', '{"provider": "email", "providers": ["email"]}', '{"sub": "8f253cc8-310c-485c-b5ce-cd8a911322d9", "email": "bryant1416@gmail.com", "email_verified": true, "phone_verified": false}', NULL, '2026-02-23 20:46:45.198042+00', '2026-03-06 07:32:16.385946+00', NULL, NULL, '', '', NULL, '', 0, NULL, '', NULL, false, NULL, false),
	('00000000-0000-0000-0000-000000000000', '7c406d41-533b-401e-93d1-55bc2298e512', 'authenticated', 'authenticated', 'ccmoore@stanford.edu', '$2a$10$IYskVRj56HAe.zGvhMH92u081ePRrhARsu17d02q2t8MzbjVAz87e', '2026-02-23 20:46:32.458796+00', NULL, '', NULL, '', NULL, '', '', NULL, '2026-02-23 20:46:32.460836+00', '{"provider": "email", "providers": ["email"]}', '{"sub": "7c406d41-533b-401e-93d1-55bc2298e512", "email": "ccmoore@stanford.edu", "email_verified": true, "phone_verified": false}', NULL, '2026-02-23 20:46:32.447863+00', '2026-02-25 22:31:16.690813+00', NULL, NULL, '', '', NULL, '', 0, NULL, '', NULL, false, NULL, false),
	('00000000-0000-0000-0000-000000000000', 'cf5b5113-f597-424e-a459-28bd0c001591', 'authenticated', 'authenticated', 'jacalbr@stanford.edu', '$2a$10$g7XGba8H6ZLM1Ky2Pwn2qekgDUi4n/tvySZHtmxjhDlyoX450.j/C', '2026-02-23 08:57:22.118512+00', NULL, '', NULL, '', NULL, '', '', NULL, '2026-02-23 08:59:06.712714+00', '{"provider": "email", "providers": ["email"]}', '{"sub": "cf5b5113-f597-424e-a459-28bd0c001591", "email": "jacalbr@stanford.edu", "email_verified": true, "phone_verified": false}', NULL, '2026-02-23 08:57:22.061767+00', '2026-02-23 19:08:28.876525+00', NULL, NULL, '', '', NULL, '', 0, NULL, '', NULL, false, NULL, false),
	('00000000-0000-0000-0000-000000000000', '37577e65-54f0-4347-b710-5df5bf529b24', 'authenticated', 'authenticated', 'sheden@stanford.edu', '$2a$10$mopI0Pj2T4uGWxApV8NjheJk9qhqjtsevlOfx.HvDR5q4obo.V6sK', '2026-02-23 20:50:03.707936+00', NULL, '', NULL, '', NULL, '', '', NULL, '2026-02-23 20:50:03.711858+00', '{"provider": "email", "providers": ["email"]}', '{"sub": "37577e65-54f0-4347-b710-5df5bf529b24", "email": "sheden@stanford.edu", "email_verified": true, "phone_verified": false}', NULL, '2026-02-23 20:50:03.701389+00', '2026-02-23 20:50:03.713818+00', NULL, NULL, '', '', NULL, '', 0, NULL, '', NULL, false, NULL, false),
	('00000000-0000-0000-0000-000000000000', '5a9f3a8d-658c-40c9-83a9-9d64ab3485f7', 'authenticated', 'authenticated', 'abc@def.ghi', '$2a$10$pVxmnd9EepINJ0aOxxQOb.Fx7PIDiotXZydijzwyYRep17qfGvBfu', '2026-02-23 10:17:22.609225+00', NULL, '', NULL, '', NULL, '', '', NULL, '2026-02-23 10:17:22.616262+00', '{"provider": "email", "providers": ["email"]}', '{"sub": "5a9f3a8d-658c-40c9-83a9-9d64ab3485f7", "email": "abc@def.ghi", "email_verified": true, "phone_verified": false}', NULL, '2026-02-23 10:17:22.558923+00', '2026-03-01 18:53:21.932981+00', NULL, NULL, '', '', NULL, '', 0, NULL, '', NULL, false, NULL, false),
	('00000000-0000-0000-0000-000000000000', '847b08f0-dc96-4b7e-bab4-169f86f7eed8', 'authenticated', 'authenticated', 'test@test.com', '$2a$10$SXakJA24jHFsYYKFNq7YrOdEm57FndAjxsZMZ/zKb5tcY8t8epx/C', '2026-02-23 20:13:40.015719+00', NULL, '', NULL, '', NULL, '', '', NULL, '2026-02-23 20:13:40.029273+00', '{"provider": "email", "providers": ["email"]}', '{"sub": "847b08f0-dc96-4b7e-bab4-169f86f7eed8", "email": "test@test.com", "email_verified": true, "phone_verified": false}', NULL, '2026-02-23 20:13:39.921669+00', '2026-02-25 22:34:30.635198+00', NULL, NULL, '', '', NULL, '', 0, NULL, '', NULL, false, NULL, false),
	('00000000-0000-0000-0000-000000000000', '67cc3525-b606-4ed6-9287-2c707443cd01', 'authenticated', 'authenticated', 'lucialosadat@gmail.com', '$2a$10$B09hdptGOYWy2XDr8Hg9zeYzWiF5qWV3CrnkTv6/J/ckD7hV/tKA.', '2026-02-23 20:48:46.357812+00', NULL, '', NULL, '', NULL, '', '', NULL, '2026-02-23 20:48:46.360647+00', '{"provider": "email", "providers": ["email"]}', '{"sub": "67cc3525-b606-4ed6-9287-2c707443cd01", "email": "lucialosadat@gmail.com", "email_verified": true, "phone_verified": false}', NULL, '2026-02-23 20:48:46.348908+00', '2026-02-23 20:48:46.365079+00', NULL, NULL, '', '', NULL, '', 0, NULL, '', NULL, false, NULL, false),
	('00000000-0000-0000-0000-000000000000', '8fa5934f-ad4b-4f77-aec7-82bd5630e690', 'authenticated', 'authenticated', 'natedem@stanford.edu', '$2a$10$jQpupqIZT.dxUH4aLLy/HePEayz4LMgWmlS3d5d5QgabiU8xDm8m2', '2026-02-23 20:49:55.128622+00', NULL, '', NULL, '', NULL, '', '', NULL, '2026-02-23 20:49:55.130825+00', '{"provider": "email", "providers": ["email"]}', '{"sub": "8fa5934f-ad4b-4f77-aec7-82bd5630e690", "email": "natedem@stanford.edu", "email_verified": true, "phone_verified": false}', NULL, '2026-02-23 20:49:55.123131+00', '2026-02-23 20:49:55.132546+00', NULL, NULL, '', '', NULL, '', 0, NULL, '', NULL, false, NULL, false),
	('00000000-0000-0000-0000-000000000000', '17ddc6d3-72cd-45d7-845c-1aaff4f6cdf0', 'authenticated', 'authenticated', 'danielyang@stanford.edu', '$2a$10$yZwoXYoCWeOTZnds1w.lWOol03kL6nCNhuUTlabh7/31/pYlR/suC', '2026-02-23 20:50:48.139188+00', NULL, '', NULL, '', NULL, '', '', NULL, '2026-02-23 20:50:48.141318+00', '{"provider": "email", "providers": ["email"]}', '{"sub": "17ddc6d3-72cd-45d7-845c-1aaff4f6cdf0", "email": "danielyang@stanford.edu", "email_verified": true, "phone_verified": false}', NULL, '2026-02-23 20:50:48.132953+00', '2026-02-23 20:50:48.143168+00', NULL, NULL, '', '', NULL, '', 0, NULL, '', NULL, false, NULL, false),
	('00000000-0000-0000-0000-000000000000', 'ae567028-c0ad-4864-b5fb-423748ecf35b', 'authenticated', 'authenticated', 'wbriger@stanford.edu', '$2a$10$PDO/E6R4jTlWG29LuOTFau9nWc/yGtz15Z7btRICdzb/PLDtv8Qni', '2026-02-23 20:50:00.111812+00', NULL, '', NULL, '', NULL, '', '', NULL, '2026-02-23 20:50:00.114098+00', '{"provider": "email", "providers": ["email"]}', '{"sub": "ae567028-c0ad-4864-b5fb-423748ecf35b", "email": "wbriger@stanford.edu", "email_verified": true, "phone_verified": false}', NULL, '2026-02-23 20:50:00.107216+00', '2026-02-23 20:50:00.115861+00', NULL, NULL, '', '', NULL, '', 0, NULL, '', NULL, false, NULL, false),
	('00000000-0000-0000-0000-000000000000', 'eeb728b1-ac62-45c0-b2bb-313b1fb4c1b7', 'authenticated', 'authenticated', 'ryanmtle@gmail.com', '$2a$10$nZ3NedeTiIcp7zkVz8zbK.ZCYajZTVpX2AsKIV0LZC6.DUZEjf2p2', '2026-02-23 20:49:36.4954+00', NULL, '', NULL, '', NULL, '', '', NULL, '2026-02-23 20:49:36.497823+00', '{"provider": "email", "providers": ["email"]}', '{"sub": "eeb728b1-ac62-45c0-b2bb-313b1fb4c1b7", "email": "ryanmtle@gmail.com", "email_verified": true, "phone_verified": false}', NULL, '2026-02-23 20:49:36.490595+00', '2026-02-24 20:09:22.252053+00', NULL, NULL, '', '', NULL, '', 0, NULL, '', NULL, false, NULL, false),
	('00000000-0000-0000-0000-000000000000', 'a23654e0-5b2d-45d9-be21-6c6d39011a54', 'authenticated', 'authenticated', 'aniketm@stanford.edu', '$2a$10$45Sy/R5NH74RKGaR2mvYMecmLyCvwVtiHWklxLaabXGZwGDNXJ.ea', '2026-02-23 09:44:54.322596+00', NULL, '', NULL, '', NULL, '', '', NULL, '2026-03-09 01:31:52.230096+00', '{"provider": "email", "providers": ["email"]}', '{"sub": "a23654e0-5b2d-45d9-be21-6c6d39011a54", "email": "aniketm@stanford.edu", "email_verified": true, "phone_verified": false}', NULL, '2026-02-23 09:44:54.25722+00', '2026-03-09 01:31:52.232494+00', NULL, NULL, '', '', NULL, '', 0, NULL, '', NULL, false, NULL, false),
	('00000000-0000-0000-0000-000000000000', 'd122b6db-22da-4701-a75c-282044a408a9', 'authenticated', 'authenticated', 'nkehoe@stanford.edu', '$2a$10$1uKZbXKA1gGZvUzRc/3/yOJGxz/pp4uEGGByy3ZbWArHe9nXyIFxS', '2026-02-23 20:46:22.203413+00', NULL, '', NULL, '', NULL, '', '', NULL, '2026-02-23 20:46:22.214052+00', '{"provider": "email", "providers": ["email"]}', '{"sub": "d122b6db-22da-4701-a75c-282044a408a9", "email": "nkehoe@stanford.edu", "email_verified": true, "phone_verified": false}', NULL, '2026-02-23 20:46:22.16764+00', '2026-03-02 22:33:15.093736+00', NULL, NULL, '', '', NULL, '', 0, NULL, '', NULL, false, NULL, false),
	('00000000-0000-0000-0000-000000000000', 'febf935a-f88d-4652-a4c0-84acc00f5f94', 'authenticated', 'authenticated', 'jchen04@stanford.edu', '$2a$10$Ca4V8rBDlrH5.tOf47odCOrUemzmMycjk1y1VXTK3Q6Pk/5xfMTtS', '2026-02-23 20:51:14.383282+00', NULL, '', NULL, '', NULL, '', '', NULL, '2026-02-23 20:51:14.393086+00', '{"provider": "email", "providers": ["email"]}', '{"sub": "febf935a-f88d-4652-a4c0-84acc00f5f94", "email": "jchen04@stanford.edu", "email_verified": true, "phone_verified": false}', NULL, '2026-02-23 20:51:14.300918+00', '2026-02-23 20:51:14.427854+00', NULL, NULL, '', '', NULL, '', 0, NULL, '', NULL, false, NULL, false),
	('00000000-0000-0000-0000-000000000000', '7cc427d2-8f45-46c9-af22-b7a2f1d9cf36', 'authenticated', 'authenticated', 'nyk.rle.12@gmail.com', NULL, '2026-02-24 08:31:32.073268+00', NULL, '', NULL, '', NULL, '', '', NULL, '2026-02-24 20:02:36.169449+00', '{"provider": "google", "providers": ["google"]}', '{"iss": "https://accounts.google.com", "sub": "108586899150224315185", "name": "Bobby 12", "email": "nyk.rle.12@gmail.com", "picture": "https://lh3.googleusercontent.com/a/ACg8ocKNeTnNwwmNbyAG9lfVOdMtH2PdB4gifSJqAczQ8AFP844k47p4=s96-c", "full_name": "Bobby 12", "avatar_url": "https://lh3.googleusercontent.com/a/ACg8ocKNeTnNwwmNbyAG9lfVOdMtH2PdB4gifSJqAczQ8AFP844k47p4=s96-c", "provider_id": "108586899150224315185", "email_verified": true, "phone_verified": false}', NULL, '2026-02-24 08:31:32.01621+00', '2026-02-24 20:02:36.172629+00', NULL, NULL, '', '', NULL, '', 0, NULL, '', NULL, false, NULL, false),
	('00000000-0000-0000-0000-000000000000', 'f2f71b50-6dda-4c6c-accf-de4a79fbbe2e', 'authenticated', 'authenticated', 'idrisk@stanford.edu', '$2a$10$SyK/b96z.K.WzYHdtgT9WugtrQaqvk/tgbKaq0Fk6WC4RaIRIbLsO', '2026-02-23 20:51:55.151317+00', NULL, '', NULL, '', NULL, '', '', NULL, '2026-02-23 20:51:55.153561+00', '{"provider": "email", "providers": ["email"]}', '{"sub": "f2f71b50-6dda-4c6c-accf-de4a79fbbe2e", "email": "idrisk@stanford.edu", "email_verified": true, "phone_verified": false}', NULL, '2026-02-23 20:51:55.146805+00', '2026-02-23 20:51:55.155342+00', NULL, NULL, '', '', NULL, '', 0, NULL, '', NULL, false, NULL, false),
	('00000000-0000-0000-0000-000000000000', '7d3dce8f-f94b-46f8-90ae-795e5478bfe0', 'authenticated', 'authenticated', 'xxx@gmail.com', '$2a$10$9cDQDfwboxSdUX.AQeO7L.B36m.LfS0xpdbHI8HB7UK75Mh7k7bZa', '2026-02-23 20:51:34.222356+00', NULL, '', NULL, '', NULL, '', '', NULL, '2026-02-23 20:51:34.22437+00', '{"provider": "email", "providers": ["email"]}', '{"sub": "7d3dce8f-f94b-46f8-90ae-795e5478bfe0", "email": "xxx@gmail.com", "email_verified": true, "phone_verified": false}', NULL, '2026-02-23 20:51:34.209327+00', '2026-02-23 21:50:43.386935+00', NULL, NULL, '', '', NULL, '', 0, NULL, '', NULL, false, NULL, false),
	('00000000-0000-0000-0000-000000000000', '2a006a4a-bf96-41d1-b177-a82c97d7e75a', 'authenticated', 'authenticated', 'kunitzer@stanford.edu', '$2a$10$f6lR.CoMYwbokSUGQkF4ke25Oxum8dpz6a.w8A6msfmc1D8uqUEhe', '2026-02-23 20:51:32.823024+00', NULL, '', NULL, '', NULL, '', '', NULL, '2026-02-23 20:51:32.825593+00', '{"provider": "email", "providers": ["email"]}', '{"sub": "2a006a4a-bf96-41d1-b177-a82c97d7e75a", "email": "kunitzer@stanford.edu", "email_verified": true, "phone_verified": false}', NULL, '2026-02-23 20:51:32.815652+00', '2026-02-23 22:13:54.401225+00', NULL, NULL, '', '', NULL, '', 0, NULL, '', NULL, false, NULL, false),
	('00000000-0000-0000-0000-000000000000', 'b8970f62-97ad-4254-b70b-ba46e6d8980c', 'authenticated', 'authenticated', 'you@recruiter.com', '$2a$10$/6z3cpZTv3J7XKZv85qxJOfefeIt7SQvpkxSbyZivUgzl0gSKjCum', '2026-03-01 18:57:57.228234+00', NULL, '', NULL, '', NULL, '', '', NULL, '2026-03-01 18:57:57.230891+00', '{"provider": "email", "providers": ["email"]}', '{"sub": "b8970f62-97ad-4254-b70b-ba46e6d8980c", "email": "you@recruiter.com", "email_verified": true, "phone_verified": false}', NULL, '2026-03-01 18:57:57.221232+00', '2026-03-01 18:57:57.232605+00', NULL, NULL, '', '', NULL, '', 0, NULL, '', NULL, false, NULL, false),
	('00000000-0000-0000-0000-000000000000', 'c7dcb101-6d07-4ca2-86e3-d1fcf5aa36a3', 'authenticated', 'authenticated', 't5est@test.com', '$2a$10$Kn3DIHHAca4C2q4PbI2d/.h2XSYIuuBNPeFUdBLgd.gpUwt2bpDQy', '2026-03-01 21:31:42.023746+00', NULL, '', NULL, '', NULL, '', '', NULL, '2026-03-01 21:31:42.028496+00', '{"provider": "email", "providers": ["email"]}', '{"sub": "c7dcb101-6d07-4ca2-86e3-d1fcf5aa36a3", "email": "t5est@test.com", "email_verified": true, "phone_verified": false}', NULL, '2026-03-01 21:31:41.979396+00', '2026-03-07 21:48:31.615626+00', NULL, NULL, '', '', NULL, '', 0, NULL, '', NULL, false, NULL, false),
	('00000000-0000-0000-0000-000000000000', 'ee9778eb-b699-4455-84c9-2b46931c5357', 'authenticated', 'authenticated', 'you@university.edu', '$2a$10$j/ts6m4/aLZPbcfcWiQNCei7wcZHIqruab6ElVjnYM3STZy.ZDsxq', '2026-03-01 18:57:19.147162+00', NULL, '', NULL, '', NULL, '', '', NULL, '2026-03-01 18:57:19.153876+00', '{"provider": "email", "providers": ["email"]}', '{"sub": "ee9778eb-b699-4455-84c9-2b46931c5357", "email": "you@university.edu", "email_verified": true, "phone_verified": false}', NULL, '2026-03-01 18:57:19.106405+00', '2026-03-01 18:57:19.165596+00', NULL, NULL, '', '', NULL, '', 0, NULL, '', NULL, false, NULL, false),
	('00000000-0000-0000-0000-000000000000', 'd79202ae-f982-455b-a617-959271c3e7d7', 'authenticated', 'authenticated', 'recruiter@google.com', '$2a$10$oCi4Eb7dofYcYhuLqIudUOm0vJNmF2C4D4zXslBG9l.7gShONkpv6', '2026-03-04 05:41:12.609905+00', NULL, '', NULL, '', NULL, '', '', NULL, '2026-03-04 05:41:12.617215+00', '{"provider": "email", "providers": ["email"]}', '{"sub": "d79202ae-f982-455b-a617-959271c3e7d7", "email": "recruiter@google.com", "email_verified": true, "phone_verified": false}', NULL, '2026-03-04 05:41:12.58361+00', '2026-03-04 05:41:12.622507+00', NULL, NULL, '', '', NULL, '', 0, NULL, '', NULL, false, NULL, false),
	('00000000-0000-0000-0000-000000000000', '75b04421-2abd-4f9e-91a5-f5d9e430b40c', 'authenticated', 'authenticated', 'bmendezm@stanford.edu', '$2a$10$kpkfVoAlqNCu/qGenv01YOq/2WKHeJfYSoG7eYhzkv8OWSlcPM02O', '2026-03-02 22:40:32.478645+00', NULL, '', NULL, '', NULL, '', '', NULL, '2026-03-02 22:57:35.077537+00', '{"provider": "email", "providers": ["email"]}', '{"sub": "75b04421-2abd-4f9e-91a5-f5d9e430b40c", "email": "bmendezm@stanford.edu", "email_verified": true, "phone_verified": false}', NULL, '2026-03-02 22:40:32.440062+00', '2026-03-02 22:57:35.133035+00', NULL, NULL, '', '', NULL, '', 0, NULL, '', NULL, false, NULL, false),
	('00000000-0000-0000-0000-000000000000', 'c321180a-ac03-488b-9dbb-1a36f48b92dd', 'authenticated', 'authenticated', 'bob@gmail.com', '$2a$10$rCsbZR5mhEMwxU4PoOcOMeXCmVTY1Z9Lw.JYJ8Ts8OxVaSLFf2Cou', '2026-03-04 05:45:26.741569+00', NULL, '', NULL, '', NULL, '', '', NULL, '2026-03-04 05:45:26.753645+00', '{"provider": "email", "providers": ["email"]}', '{"sub": "c321180a-ac03-488b-9dbb-1a36f48b92dd", "email": "bob@gmail.com", "email_verified": true, "phone_verified": false}', NULL, '2026-03-04 05:45:26.681576+00', '2026-03-04 05:45:26.778397+00', NULL, NULL, '', '', NULL, '', 0, NULL, '', NULL, false, NULL, false),
	('00000000-0000-0000-0000-000000000000', '739c3836-ca09-431b-8cf9-b7a29c24eeba', 'authenticated', 'authenticated', 'abc@defg.com', '$2a$10$NeO.FZHpZ1qw9Y.95LpwZeX7yl4yPo2N3RZvVA/YenrERedXyZGDq', '2026-03-01 19:02:18.149042+00', NULL, '', NULL, '', NULL, '', '', NULL, '2026-03-01 19:02:18.153537+00', '{"provider": "email", "providers": ["email"]}', '{"sub": "739c3836-ca09-431b-8cf9-b7a29c24eeba", "email": "abc@defg.com", "email_verified": true, "phone_verified": false}', NULL, '2026-03-01 19:02:18.122315+00', '2026-03-01 21:19:44.827619+00', NULL, NULL, '', '', NULL, '', 0, NULL, '', NULL, false, NULL, false),
	('00000000-0000-0000-0000-000000000000', 'e9948966-b5b5-40b4-a8c7-2cd70c3c66ef', 'authenticated', 'authenticated', 'you@company.com', '$2a$10$g0R6k8ELImR96zjqQtXTxeKJHCpj4Z4Y5mO4C0vOWkgkOoCeHJpTC', '2026-02-25 22:36:22.366228+00', NULL, '', NULL, '', NULL, '', '', NULL, '2026-02-25 22:36:22.3736+00', '{"provider": "email", "providers": ["email"]}', '{"sub": "e9948966-b5b5-40b4-a8c7-2cd70c3c66ef", "email": "you@company.com", "email_verified": true, "phone_verified": false}', NULL, '2026-02-25 22:36:22.324807+00', '2026-03-07 21:17:53.312139+00', NULL, NULL, '', '', NULL, '', 0, NULL, '', NULL, false, NULL, false),
	('00000000-0000-0000-0000-000000000000', '05791a68-dc9a-42d9-b7c8-25001f882700', 'authenticated', 'authenticated', 'ryan@gmail.com', '$2a$10$as51uHIfsxP.y5cYiVuJY.JPQwALKhFHn8m7OnqN6vAwbrJlumJdm', '2026-03-04 06:16:58.857646+00', NULL, '', NULL, '', NULL, '', '', NULL, '2026-03-07 21:35:19.918079+00', '{"provider": "email", "providers": ["email"]}', '{"sub": "05791a68-dc9a-42d9-b7c8-25001f882700", "email": "ryan@gmail.com", "email_verified": true, "phone_verified": false}', NULL, '2026-03-04 06:16:58.828221+00', '2026-03-07 21:35:19.94594+00', NULL, NULL, '', '', NULL, '', 0, NULL, '', NULL, false, NULL, false),
	('00000000-0000-0000-0000-000000000000', 'd0669987-e25e-4584-96f9-891ee74b48d2', 'authenticated', 'authenticated', 'ryan@ryaninc.com', '$2a$10$x6ZbNwdXVIqW1lRKkzqAeecTR8VoA/cZqqE2lPffENFhvcsTDmgdK', '2026-03-04 07:15:18.006239+00', NULL, '', NULL, '', NULL, '', '', NULL, '2026-03-09 04:27:28.691692+00', '{"provider": "email", "providers": ["email"]}', '{"sub": "d0669987-e25e-4584-96f9-891ee74b48d2", "email": "ryan@ryaninc.com", "email_verified": true, "phone_verified": false}', NULL, '2026-03-04 07:15:17.954227+00', '2026-03-09 04:27:28.725148+00', NULL, NULL, '', '', NULL, '', 0, NULL, '', NULL, false, NULL, false),
	('00000000-0000-0000-0000-000000000000', 'd080f072-b050-4ff8-9595-30072cde7550', 'authenticated', 'authenticated', 'zucc@meta.com', '$2a$10$UKVktsEg2eMSk0.AkzhruuYAXnhYlMe7/PjjarriGCetVl3/gpWO2', '2026-03-07 22:04:42.879916+00', NULL, '', NULL, '', NULL, '', '', NULL, '2026-03-07 22:05:24.346733+00', '{"provider": "email", "providers": ["email"]}', '{"sub": "d080f072-b050-4ff8-9595-30072cde7550", "email": "zucc@meta.com", "email_verified": true, "phone_verified": false}', NULL, '2026-03-07 22:04:42.707918+00', '2026-03-08 00:01:33.915374+00', NULL, NULL, '', '', NULL, '', 0, NULL, '', NULL, false, NULL, false),
	('00000000-0000-0000-0000-000000000000', '847db9dd-521c-4b98-8dbf-58ca61177012', 'authenticated', 'authenticated', 'recruiter_ryan@gmail.com', '$2a$10$kXGfxV3MO259e0852TOeEe2zfdBoi6tVbpKcDAtqIQzF/EdWavIcG', '2026-03-04 06:48:00.889245+00', NULL, '', NULL, '', NULL, '', '', NULL, '2026-03-04 06:57:31.907765+00', '{"provider": "email", "providers": ["email"]}', '{"sub": "847db9dd-521c-4b98-8dbf-58ca61177012", "email": "recruiter_ryan@gmail.com", "email_verified": true, "phone_verified": false}', NULL, '2026-03-04 06:48:00.864641+00', '2026-03-04 06:57:31.910907+00', NULL, NULL, '', '', NULL, '', 0, NULL, '', NULL, false, NULL, false),
	('00000000-0000-0000-0000-000000000000', 'd9c0069b-a6fd-49d3-8f3a-44118e77a987', 'authenticated', 'authenticated', 'abcejgfjg@gmail.com', '$2a$10$0v1ZvbLfMlwGX7VBjG9ileK1IlbG4ZcqhSxVL8Nfrzah112fA.ysm', '2026-03-07 21:57:58.581855+00', NULL, '', NULL, '', NULL, '', '', NULL, '2026-03-07 21:57:58.590005+00', '{"provider": "email", "providers": ["email"]}', '{"sub": "d9c0069b-a6fd-49d3-8f3a-44118e77a987", "email": "abcejgfjg@gmail.com", "email_verified": true, "phone_verified": false}', NULL, '2026-03-07 21:57:58.526473+00', '2026-03-07 21:57:58.61631+00', NULL, NULL, '', '', NULL, '', 0, NULL, '', NULL, false, NULL, false),
	('00000000-0000-0000-0000-000000000000', '2eae7d0e-988c-4279-a5bf-f21f01920b8f', 'authenticated', 'authenticated', 'student_test@gmail.com', '$2a$10$X46LHVlXrBNlunHo0Y8fT.2GIPSIgm8aE0LQj5ahV/BtFq2jy1iI2', '2026-03-07 22:48:51.668792+00', NULL, '', NULL, '', NULL, '', '', NULL, '2026-03-07 22:48:51.675165+00', '{"provider": "email", "providers": ["email"]}', '{"sub": "2eae7d0e-988c-4279-a5bf-f21f01920b8f", "email": "student_test@gmail.com", "email_verified": true, "phone_verified": false}', NULL, '2026-03-07 22:48:51.645226+00', '2026-03-07 22:48:51.681389+00', NULL, NULL, '', '', NULL, '', 0, NULL, '', NULL, false, NULL, false),
	('00000000-0000-0000-0000-000000000000', '317b82c2-4e14-4ab8-b1d5-387d91a14d4c', 'authenticated', 'authenticated', 'ryan@university.com', '$2a$10$qrW70mtCbHvw5V/hd22piuKMeBcqfoIFEHHpefUixbSBz.PRN3t1G', '2026-03-07 22:25:18.603029+00', NULL, '', NULL, '', NULL, '', '', NULL, '2026-03-07 22:25:18.619922+00', '{"provider": "email", "providers": ["email"]}', '{"sub": "317b82c2-4e14-4ab8-b1d5-387d91a14d4c", "email": "ryan@university.com", "email_verified": true, "phone_verified": false}', NULL, '2026-03-07 22:25:18.457106+00', '2026-03-07 22:25:18.661036+00', NULL, NULL, '', '', NULL, '', 0, NULL, '', NULL, false, NULL, false),
	('00000000-0000-0000-0000-000000000000', 'b68b2aad-1bc0-4d04-973d-d883039fafe0', 'authenticated', 'authenticated', 'ryan@company1.com', '$2a$10$LhBI6rwNMF29tE2FS9ANvuWgQz.51gPHTSILAxidXzjviKAzB3yL6', '2026-03-06 23:57:44.424343+00', NULL, '', NULL, '', NULL, '', '', NULL, '2026-03-07 00:00:35.491778+00', '{"provider": "email", "providers": ["email"]}', '{"sub": "b68b2aad-1bc0-4d04-973d-d883039fafe0", "email": "ryan@company1.com", "email_verified": true, "phone_verified": false}', NULL, '2026-03-06 23:57:44.37202+00', '2026-03-07 21:27:47.452647+00', NULL, NULL, '', '', NULL, '', 0, NULL, '', NULL, false, NULL, false),
	('00000000-0000-0000-0000-000000000000', 'bdf2a2fb-b101-4fcf-a508-bff703b12977', 'authenticated', 'authenticated', 'r@rice.edu', '$2a$10$ODo0bMPDx8nXEjUGbWI.Ku998oX7N2pxPCoWK0yZyLCiEKZwj5nWa', '2026-03-07 22:44:29.110343+00', NULL, '', NULL, '', NULL, '', '', NULL, '2026-03-07 22:44:29.115285+00', '{"provider": "email", "providers": ["email"]}', '{"sub": "bdf2a2fb-b101-4fcf-a508-bff703b12977", "email": "r@rice.edu", "email_verified": true, "phone_verified": false}', NULL, '2026-03-07 22:44:29.085754+00', '2026-03-07 22:44:29.124141+00', NULL, NULL, '', '', NULL, '', 0, NULL, '', NULL, false, NULL, false),
	('00000000-0000-0000-0000-000000000000', '28228c89-c653-4a6b-b6e7-14a2b96ff3d8', 'authenticated', 'authenticated', 'new@rice.edu', '$2a$10$MTDYcdSab.mLb9EiWdjjauXknFd6XP517jR943/eK0tkAAWMoul9a', '2026-03-07 22:29:37.832726+00', NULL, '', NULL, '', NULL, '', '', NULL, '2026-03-07 22:29:37.835741+00', '{"provider": "email", "providers": ["email"]}', '{"sub": "28228c89-c653-4a6b-b6e7-14a2b96ff3d8", "email": "new@rice.edu", "email_verified": true, "phone_verified": false}', NULL, '2026-03-07 22:29:37.818819+00', '2026-03-07 22:29:37.838547+00', NULL, NULL, '', '', NULL, '', 0, NULL, '', NULL, false, NULL, false),
	('00000000-0000-0000-0000-000000000000', 'bb924b4a-7680-4f6c-8a45-333fd0d3caa7', 'authenticated', 'authenticated', 'thisisathrowaway951@gmail.com', NULL, '2026-03-07 23:39:25.536635+00', NULL, '', NULL, '', NULL, '', '', NULL, '2026-03-07 23:39:25.545063+00', '{"provider": "google", "providers": ["google"]}', '{"iss": "https://accounts.google.com", "sub": "109678547832725409062", "name": ":D :D", "email": "thisisathrowaway951@gmail.com", "picture": "https://lh3.googleusercontent.com/a/ACg8ocID7osbgKpE456BJpWR6Aj5pyAHBay3YA9qnJh1qg7QBE3Ysg=s96-c", "full_name": ":D :D", "avatar_url": "https://lh3.googleusercontent.com/a/ACg8ocID7osbgKpE456BJpWR6Aj5pyAHBay3YA9qnJh1qg7QBE3Ysg=s96-c", "provider_id": "109678547832725409062", "email_verified": true, "phone_verified": false}', NULL, '2026-03-07 23:39:25.507657+00', '2026-03-07 23:39:25.577115+00', NULL, NULL, '', '', NULL, '', 0, NULL, '', NULL, false, NULL, false),
	('00000000-0000-0000-0000-000000000000', '2240c911-84a8-4d04-abe1-b747597a57e0', 'authenticated', 'authenticated', 'thezucc@meta.com', '$2a$10$7LvjUgbRTZ69x/d6Lal2SOaY.XodoDUN1jZmHxAWSnvQUlwI5CTQ6', '2026-03-08 01:08:36.58514+00', NULL, '', NULL, '', NULL, '', '', NULL, '2026-03-08 01:08:36.5895+00', '{"provider": "email", "providers": ["email"]}', '{"sub": "2240c911-84a8-4d04-abe1-b747597a57e0", "email": "thezucc@meta.com", "email_verified": true, "phone_verified": false}', NULL, '2026-03-08 01:08:36.574795+00', '2026-03-09 04:35:12.210361+00', NULL, NULL, '', '', NULL, '', 0, NULL, '', NULL, false, NULL, false),
	('00000000-0000-0000-0000-000000000000', 'feeaab69-13c0-4e8d-a4bb-e4f98de1b1ba', 'authenticated', 'authenticated', 'ryan@stanford.edu', '$2a$10$9MEn2bdoLcABIsM3DMEZee6.GM/Tpoim6kaTNmXlSnsuU7N/aBlB.', '2026-03-08 00:42:03.450067+00', NULL, '', NULL, '', NULL, '', '', NULL, '2026-03-08 01:15:24.857183+00', '{"provider": "email", "providers": ["email"]}', '{"sub": "feeaab69-13c0-4e8d-a4bb-e4f98de1b1ba", "email": "ryan@stanford.edu", "email_verified": true, "phone_verified": false}', NULL, '2026-03-08 00:42:03.437834+00', '2026-03-08 01:15:24.8683+00', NULL, NULL, '', '', NULL, '', 0, NULL, '', NULL, false, NULL, false),
	('00000000-0000-0000-0000-000000000000', '53b9d578-d39d-4dd4-8502-6c743d41e871', 'authenticated', 'authenticated', 'hello@gmail.com', '$2a$10$sMVmhT1xwNGiq9fbhJxtpO7T0eL9sRK9yg2229GGLebbomRUfOEIa', '2026-03-07 23:39:48.640277+00', NULL, '', NULL, '', NULL, '', '', NULL, '2026-03-07 23:39:48.643666+00', '{"provider": "email", "providers": ["email"]}', '{"sub": "53b9d578-d39d-4dd4-8502-6c743d41e871", "email": "hello@gmail.com", "email_verified": true, "phone_verified": false}', NULL, '2026-03-07 23:39:48.6326+00', '2026-03-07 23:39:48.645495+00', NULL, NULL, '', '', NULL, '', 0, NULL, '', NULL, false, NULL, false),
	('00000000-0000-0000-0000-000000000000', 'e3c30743-5589-4f32-bfba-e899e7ff146a', 'authenticated', 'authenticated', 'garbage@cmu.edu', '$2a$10$85w2XlaR6VwaIMtVbOk6zufStOXdaK7WIfyeApD6ppTEN4..zTwFq', '2026-03-09 01:32:09.311767+00', NULL, '', NULL, '', NULL, '', '', NULL, '2026-03-09 01:35:04.104514+00', '{"provider": "email", "providers": ["email"]}', '{"sub": "e3c30743-5589-4f32-bfba-e899e7ff146a", "email": "garbage@cmu.edu", "email_verified": true, "phone_verified": false}', NULL, '2026-03-09 01:32:09.280791+00', '2026-03-09 01:35:04.113532+00', NULL, NULL, '', '', NULL, '', 0, NULL, '', NULL, false, NULL, false),
	('00000000-0000-0000-0000-000000000000', 'e472cc37-3a75-4590-826a-bd407301f8ea', 'authenticated', 'authenticated', 'bob@ryan.com', '$2a$10$ePR4zQQP.zqx/FelUMovOuNW8bEaSSIlUIBWFm4qSB0OVrd4AxTiW', '2026-03-08 01:03:44.557072+00', NULL, '', NULL, '', NULL, '', '', NULL, '2026-03-08 01:03:44.561906+00', '{"provider": "email", "providers": ["email"]}', '{"sub": "e472cc37-3a75-4590-826a-bd407301f8ea", "email": "bob@ryan.com", "email_verified": true, "phone_verified": false}', NULL, '2026-03-08 01:03:44.526118+00', '2026-03-08 01:03:44.5638+00', NULL, NULL, '', '', NULL, '', 0, NULL, '', NULL, false, NULL, false),
	('00000000-0000-0000-0000-000000000000', 'b0c8d96e-cc1b-4311-aabd-81249afad4c1', 'authenticated', 'authenticated', 'recruiter@recruiter.com', '$2a$10$tpaiH7b2C26fsbeSLggy7uoEJYh/rWoKxPDJb1I9QoEqukKpo46Z.', '2026-03-09 01:40:33.147652+00', NULL, '', NULL, '', NULL, '', '', NULL, '2026-03-09 01:40:33.153375+00', '{"provider": "email", "providers": ["email"]}', '{"sub": "b0c8d96e-cc1b-4311-aabd-81249afad4c1", "email": "recruiter@recruiter.com", "email_verified": true, "phone_verified": false}', NULL, '2026-03-09 01:40:33.118409+00', '2026-03-09 01:40:33.155825+00', NULL, NULL, '', '', NULL, '', 0, NULL, '', NULL, false, NULL, false),
	('00000000-0000-0000-0000-000000000000', '4b7f0fce-7896-411f-9cb2-c94f5342b693', 'authenticated', 'authenticated', 'notjacalbr@stanford.edu', '$2a$10$P9nqprWRntOm.4jBOPCakedNkodCgBZMy/ZtaMzmn15H.9Z1dAzcW', '2026-03-08 00:24:15.060903+00', NULL, '', NULL, '', NULL, '', '', NULL, '2026-03-08 00:24:15.066564+00', '{"provider": "email", "providers": ["email"]}', '{"sub": "4b7f0fce-7896-411f-9cb2-c94f5342b693", "email": "notjacalbr@stanford.edu", "email_verified": true, "phone_verified": false}', NULL, '2026-03-08 00:24:15.015319+00', '2026-03-08 00:24:15.095259+00', NULL, NULL, '', '', NULL, '', 0, NULL, '', NULL, false, NULL, false),
	('00000000-0000-0000-0000-000000000000', 'b017cdcc-5a7c-45c4-b26d-de67319993e4', 'authenticated', 'authenticated', 'possiblyjacalbr@stanford.edu', '$2a$10$UiMVabp/bV8fYrd8S3kjbOgBWD7x0H.TVtIKRLlRVR4cyO05Cv1ui', '2026-03-08 01:19:49.868229+00', NULL, '', NULL, '', NULL, '', '', NULL, '2026-03-08 01:19:49.871878+00', '{"provider": "email", "providers": ["email"]}', '{"sub": "b017cdcc-5a7c-45c4-b26d-de67319993e4", "email": "possiblyjacalbr@stanford.edu", "email_verified": true, "phone_verified": false}', NULL, '2026-03-08 01:19:49.852496+00', '2026-03-08 01:19:49.874638+00', NULL, NULL, '', '', NULL, '', 0, NULL, '', NULL, false, NULL, false),
	('00000000-0000-0000-0000-000000000000', '1033df5b-2d8f-4a2e-a4cd-d61d19d2a8aa', 'authenticated', 'authenticated', 'new_student@gmail.com', '$2a$10$5Qf9O1hoD.jwUaJYyw5p4uuoHIGmNCe6WHbYyYRr9LKgoSbJOQ6YS', '2026-03-09 02:04:14.130697+00', NULL, '', NULL, '', NULL, '', '', NULL, '2026-03-09 02:04:14.138663+00', '{"provider": "email", "providers": ["email"]}', '{"sub": "1033df5b-2d8f-4a2e-a4cd-d61d19d2a8aa", "email": "new_student@gmail.com", "email_verified": true, "phone_verified": false}', NULL, '2026-03-09 02:04:14.086655+00', '2026-03-09 02:04:14.152978+00', NULL, NULL, '', '', NULL, '', 0, NULL, '', NULL, false, NULL, false),
	('00000000-0000-0000-0000-000000000000', '8f8dc7fe-e37d-415a-bd51-a92519307eea', 'authenticated', 'authenticated', 'ryan@ryan.com', '$2a$10$TC2/eTUT3dNRe7LsOC6LO.z0OVhlk/lchyVaC7IaF0ILwe7ApUsQ6', '2026-03-08 00:38:07.864034+00', NULL, '', NULL, '', NULL, '', '', NULL, '2026-03-09 04:52:43.094479+00', '{"provider": "email", "providers": ["email"]}', '{"sub": "8f8dc7fe-e37d-415a-bd51-a92519307eea", "email": "ryan@ryan.com", "email_verified": true, "phone_verified": false}', NULL, '2026-03-08 00:38:07.844938+00', '2026-03-09 04:52:43.153058+00', NULL, NULL, '', '', NULL, '', 0, NULL, '', NULL, false, NULL, false),
	('00000000-0000-0000-0000-000000000000', '4f7a5012-31da-428f-a49d-99b7497fbeb3', 'authenticated', 'authenticated', 'balhbalbha@meta.com', '$2a$10$iHXolIOIXcdzSMBcSnWpQeMa.ZmjVJOStaEvl.I/JvDOMi08ZVUNm', '2026-03-08 01:17:00.845127+00', NULL, '', NULL, '', NULL, '', '', NULL, '2026-03-08 01:17:00.848127+00', '{"provider": "email", "providers": ["email"]}', '{"sub": "4f7a5012-31da-428f-a49d-99b7497fbeb3", "email": "balhbalbha@meta.com", "email_verified": true, "phone_verified": false}', NULL, '2026-03-08 01:17:00.835703+00', '2026-03-09 05:05:23.38554+00', NULL, NULL, '', '', NULL, '', 0, NULL, '', NULL, false, NULL, false),
	('00000000-0000-0000-0000-000000000000', '33e64469-cd8f-4065-ba28-16bcfac88098', 'authenticated', 'authenticated', 'test_recruiter@fakerecruiter.com', '$2a$10$E9DVroMF3JZX4./R589OSelWkqmpJECW.L.lvpl7lp/3UELmvTHVa', '2026-03-08 01:29:07.90595+00', NULL, '', NULL, '', NULL, '', '', NULL, '2026-03-08 01:29:07.917902+00', '{"provider": "email", "providers": ["email"]}', '{"sub": "33e64469-cd8f-4065-ba28-16bcfac88098", "email": "test_recruiter@fakerecruiter.com", "email_verified": true, "phone_verified": false}', NULL, '2026-03-08 01:29:07.877145+00', '2026-03-09 02:11:56.114419+00', NULL, NULL, '', '', NULL, '', 0, NULL, '', NULL, false, NULL, false),
	('00000000-0000-0000-0000-000000000000', 'a9889f9e-8fe1-4a27-a739-2729af8daa2d', 'authenticated', 'authenticated', 'ryan_resume_test@gmail.com', '$2a$10$MGQVOix85NehpYkhF8xBH.1CfZlF37OVfO1ryn8g/38/1qtM2CN42', '2026-03-09 02:05:02.595247+00', NULL, '', NULL, '', NULL, '', '', NULL, '2026-03-09 02:12:18.966118+00', '{"provider": "email", "providers": ["email"]}', '{"sub": "a9889f9e-8fe1-4a27-a739-2729af8daa2d", "email": "ryan_resume_test@gmail.com", "email_verified": true, "phone_verified": false}', NULL, '2026-03-09 02:05:02.454681+00', '2026-03-09 04:21:37.504055+00', NULL, NULL, '', '', NULL, '', 0, NULL, '', NULL, false, NULL, false);


--
-- Data for Name: identities; Type: TABLE DATA; Schema: auth; Owner: supabase_auth_admin
--

INSERT INTO "auth"."identities" ("provider_id", "user_id", "identity_data", "provider", "last_sign_in_at", "created_at", "updated_at", "id") VALUES
	('cf5b5113-f597-424e-a459-28bd0c001591', 'cf5b5113-f597-424e-a459-28bd0c001591', '{"sub": "cf5b5113-f597-424e-a459-28bd0c001591", "email": "jacalbr@stanford.edu", "email_verified": false, "phone_verified": false}', 'email', '2026-02-23 08:57:22.103198+00', '2026-02-23 08:57:22.103251+00', '2026-02-23 08:57:22.103251+00', '9b8a2164-fce0-4e11-910c-2ef2f01889cb'),
	('a23654e0-5b2d-45d9-be21-6c6d39011a54', 'a23654e0-5b2d-45d9-be21-6c6d39011a54', '{"sub": "a23654e0-5b2d-45d9-be21-6c6d39011a54", "email": "aniketm@stanford.edu", "email_verified": false, "phone_verified": false}', 'email', '2026-02-23 09:44:54.313315+00', '2026-02-23 09:44:54.313379+00', '2026-02-23 09:44:54.313379+00', '542dd796-e29a-4931-b77c-7b9e0899664c'),
	('5a9f3a8d-658c-40c9-83a9-9d64ab3485f7', '5a9f3a8d-658c-40c9-83a9-9d64ab3485f7', '{"sub": "5a9f3a8d-658c-40c9-83a9-9d64ab3485f7", "email": "abc@def.ghi", "email_verified": false, "phone_verified": false}', 'email', '2026-02-23 10:17:22.602588+00', '2026-02-23 10:17:22.602637+00', '2026-02-23 10:17:22.602637+00', '6b0a2a2a-eebe-48aa-9c9e-fbc709b20f6b'),
	('4a56d3c2-a717-4c8b-8c6b-826226be75b5', '4a56d3c2-a717-4c8b-8c6b-826226be75b5', '{"sub": "4a56d3c2-a717-4c8b-8c6b-826226be75b5", "email": "a@b.com", "email_verified": false, "phone_verified": false}', 'email', '2026-02-23 19:08:56.235798+00', '2026-02-23 19:08:56.235855+00', '2026-02-23 19:08:56.235855+00', 'fcf5ce0e-a6d2-445a-9984-9752c5326efb'),
	('847b08f0-dc96-4b7e-bab4-169f86f7eed8', '847b08f0-dc96-4b7e-bab4-169f86f7eed8', '{"sub": "847b08f0-dc96-4b7e-bab4-169f86f7eed8", "email": "test@test.com", "email_verified": false, "phone_verified": false}', 'email', '2026-02-23 20:13:40.011171+00', '2026-02-23 20:13:40.011227+00', '2026-02-23 20:13:40.011227+00', '8cf93a6c-beba-40e5-976c-28a1d2b73aa7'),
	('d122b6db-22da-4701-a75c-282044a408a9', 'd122b6db-22da-4701-a75c-282044a408a9', '{"sub": "d122b6db-22da-4701-a75c-282044a408a9", "email": "nkehoe@stanford.edu", "email_verified": false, "phone_verified": false}', 'email', '2026-02-23 20:46:22.200044+00', '2026-02-23 20:46:22.200093+00', '2026-02-23 20:46:22.200093+00', '59845533-a76f-4cb5-bec5-03c1686f068d'),
	('7c406d41-533b-401e-93d1-55bc2298e512', '7c406d41-533b-401e-93d1-55bc2298e512', '{"sub": "7c406d41-533b-401e-93d1-55bc2298e512", "email": "ccmoore@stanford.edu", "email_verified": false, "phone_verified": false}', 'email', '2026-02-23 20:46:32.455987+00', '2026-02-23 20:46:32.456055+00', '2026-02-23 20:46:32.456055+00', 'daf6ccec-7095-4e10-ad0a-b7a56a8e5044'),
	('8f253cc8-310c-485c-b5ce-cd8a911322d9', '8f253cc8-310c-485c-b5ce-cd8a911322d9', '{"sub": "8f253cc8-310c-485c-b5ce-cd8a911322d9", "email": "bryant1416@gmail.com", "email_verified": false, "phone_verified": false}', 'email', '2026-02-23 20:46:45.201736+00', '2026-02-23 20:46:45.201778+00', '2026-02-23 20:46:45.201778+00', 'e7e2c13d-d0fb-4c42-a574-46634c94013e'),
	('67cc3525-b606-4ed6-9287-2c707443cd01', '67cc3525-b606-4ed6-9287-2c707443cd01', '{"sub": "67cc3525-b606-4ed6-9287-2c707443cd01", "email": "lucialosadat@gmail.com", "email_verified": false, "phone_verified": false}', 'email', '2026-02-23 20:48:46.35515+00', '2026-02-23 20:48:46.355212+00', '2026-02-23 20:48:46.355212+00', 'b623ee59-ff5a-41ed-823a-8c41ef92c767'),
	('eeb728b1-ac62-45c0-b2bb-313b1fb4c1b7', 'eeb728b1-ac62-45c0-b2bb-313b1fb4c1b7', '{"sub": "eeb728b1-ac62-45c0-b2bb-313b1fb4c1b7", "email": "ryanmtle@gmail.com", "email_verified": false, "phone_verified": false}', 'email', '2026-02-23 20:49:36.493336+00', '2026-02-23 20:49:36.493378+00', '2026-02-23 20:49:36.493378+00', '1174ae9f-c110-4d69-90c2-7e28905fee71'),
	('8fa5934f-ad4b-4f77-aec7-82bd5630e690', '8fa5934f-ad4b-4f77-aec7-82bd5630e690', '{"sub": "8fa5934f-ad4b-4f77-aec7-82bd5630e690", "email": "natedem@stanford.edu", "email_verified": false, "phone_verified": false}', 'email', '2026-02-23 20:49:55.126487+00', '2026-02-23 20:49:55.126529+00', '2026-02-23 20:49:55.126529+00', 'd6278af4-b320-49de-a51e-136c71c2e55d'),
	('ae567028-c0ad-4864-b5fb-423748ecf35b', 'ae567028-c0ad-4864-b5fb-423748ecf35b', '{"sub": "ae567028-c0ad-4864-b5fb-423748ecf35b", "email": "wbriger@stanford.edu", "email_verified": false, "phone_verified": false}', 'email', '2026-02-23 20:50:00.10983+00', '2026-02-23 20:50:00.109871+00', '2026-02-23 20:50:00.109871+00', 'ce7ec284-86b1-42ff-bf91-f4777bc45425'),
	('37577e65-54f0-4347-b710-5df5bf529b24', '37577e65-54f0-4347-b710-5df5bf529b24', '{"sub": "37577e65-54f0-4347-b710-5df5bf529b24", "email": "sheden@stanford.edu", "email_verified": false, "phone_verified": false}', 'email', '2026-02-23 20:50:03.705925+00', '2026-02-23 20:50:03.705974+00', '2026-02-23 20:50:03.705974+00', '3c6ca119-beee-476c-9c4b-9a6dc474f996'),
	('17ddc6d3-72cd-45d7-845c-1aaff4f6cdf0', '17ddc6d3-72cd-45d7-845c-1aaff4f6cdf0', '{"sub": "17ddc6d3-72cd-45d7-845c-1aaff4f6cdf0", "email": "danielyang@stanford.edu", "email_verified": false, "phone_verified": false}', 'email', '2026-02-23 20:50:48.137116+00', '2026-02-23 20:50:48.137172+00', '2026-02-23 20:50:48.137172+00', '8d1a11f6-d970-47f6-ab5d-8eebbe20e3c9'),
	('febf935a-f88d-4652-a4c0-84acc00f5f94', 'febf935a-f88d-4652-a4c0-84acc00f5f94', '{"sub": "febf935a-f88d-4652-a4c0-84acc00f5f94", "email": "jchen04@stanford.edu", "email_verified": false, "phone_verified": false}', 'email', '2026-02-23 20:51:14.375203+00', '2026-02-23 20:51:14.37525+00', '2026-02-23 20:51:14.37525+00', 'be107321-9cec-4b33-abfc-37f99e2cbfa9'),
	('2a006a4a-bf96-41d1-b177-a82c97d7e75a', '2a006a4a-bf96-41d1-b177-a82c97d7e75a', '{"sub": "2a006a4a-bf96-41d1-b177-a82c97d7e75a", "email": "kunitzer@stanford.edu", "email_verified": false, "phone_verified": false}', 'email', '2026-02-23 20:51:32.821342+00', '2026-02-23 20:51:32.821383+00', '2026-02-23 20:51:32.821383+00', '62797840-8e2f-4ccd-ae16-5a83aa5c147d'),
	('7d3dce8f-f94b-46f8-90ae-795e5478bfe0', '7d3dce8f-f94b-46f8-90ae-795e5478bfe0', '{"sub": "7d3dce8f-f94b-46f8-90ae-795e5478bfe0", "email": "xxx@gmail.com", "email_verified": false, "phone_verified": false}', 'email', '2026-02-23 20:51:34.215713+00', '2026-02-23 20:51:34.215768+00', '2026-02-23 20:51:34.215768+00', '8004251a-c393-4578-b8be-f66e3b9a4264'),
	('f2f71b50-6dda-4c6c-accf-de4a79fbbe2e', 'f2f71b50-6dda-4c6c-accf-de4a79fbbe2e', '{"sub": "f2f71b50-6dda-4c6c-accf-de4a79fbbe2e", "email": "idrisk@stanford.edu", "email_verified": false, "phone_verified": false}', 'email', '2026-02-23 20:51:55.149353+00', '2026-02-23 20:51:55.149399+00', '2026-02-23 20:51:55.149399+00', 'cc69afc8-5f9e-479c-ae77-f98b6cfa6096'),
	('c7dcb101-6d07-4ca2-86e3-d1fcf5aa36a3', 'c7dcb101-6d07-4ca2-86e3-d1fcf5aa36a3', '{"sub": "c7dcb101-6d07-4ca2-86e3-d1fcf5aa36a3", "email": "t5est@test.com", "email_verified": false, "phone_verified": false}', 'email', '2026-03-01 21:31:42.019255+00', '2026-03-01 21:31:42.019316+00', '2026-03-01 21:31:42.019316+00', '204779ed-6e5e-4719-b821-9e4b625834d6'),
	('e9948966-b5b5-40b4-a8c7-2cd70c3c66ef', 'e9948966-b5b5-40b4-a8c7-2cd70c3c66ef', '{"sub": "e9948966-b5b5-40b4-a8c7-2cd70c3c66ef", "email": "you@company.com", "email_verified": false, "phone_verified": false}', 'email', '2026-02-25 22:36:22.360716+00', '2026-02-25 22:36:22.36077+00', '2026-02-25 22:36:22.36077+00', '30047a63-26a3-4f53-a1f6-2366a90d46e7'),
	('ee9778eb-b699-4455-84c9-2b46931c5357', 'ee9778eb-b699-4455-84c9-2b46931c5357', '{"sub": "ee9778eb-b699-4455-84c9-2b46931c5357", "email": "you@university.edu", "email_verified": false, "phone_verified": false}', 'email', '2026-03-01 18:57:19.141904+00', '2026-03-01 18:57:19.141964+00', '2026-03-01 18:57:19.141964+00', 'f81e9777-21c6-4c84-9667-0ad18869421b'),
	('108586899150224315185', '7cc427d2-8f45-46c9-af22-b7a2f1d9cf36', '{"iss": "https://accounts.google.com", "sub": "108586899150224315185", "name": "Bobby 12", "email": "nyk.rle.12@gmail.com", "picture": "https://lh3.googleusercontent.com/a/ACg8ocKNeTnNwwmNbyAG9lfVOdMtH2PdB4gifSJqAczQ8AFP844k47p4=s96-c", "full_name": "Bobby 12", "avatar_url": "https://lh3.googleusercontent.com/a/ACg8ocKNeTnNwwmNbyAG9lfVOdMtH2PdB4gifSJqAczQ8AFP844k47p4=s96-c", "provider_id": "108586899150224315185", "email_verified": true, "phone_verified": false}', 'google', '2026-02-24 08:31:32.068689+00', '2026-02-24 08:31:32.068741+00', '2026-02-24 20:02:36.166773+00', 'a9aa3c5e-39be-4882-b47e-06a71a1780ca'),
	('b8970f62-97ad-4254-b70b-ba46e6d8980c', 'b8970f62-97ad-4254-b70b-ba46e6d8980c', '{"sub": "b8970f62-97ad-4254-b70b-ba46e6d8980c", "email": "you@recruiter.com", "email_verified": false, "phone_verified": false}', 'email', '2026-03-01 18:57:57.226171+00', '2026-03-01 18:57:57.226221+00', '2026-03-01 18:57:57.226221+00', '15de2558-2013-462b-83b0-8bab82f256a1'),
	('739c3836-ca09-431b-8cf9-b7a29c24eeba', '739c3836-ca09-431b-8cf9-b7a29c24eeba', '{"sub": "739c3836-ca09-431b-8cf9-b7a29c24eeba", "email": "abc@defg.com", "email_verified": false, "phone_verified": false}', 'email', '2026-03-01 19:02:18.14574+00', '2026-03-01 19:02:18.145793+00', '2026-03-01 19:02:18.145793+00', '14190ec4-9aa7-40a5-88cb-bf4d09c7f559'),
	('75b04421-2abd-4f9e-91a5-f5d9e430b40c', '75b04421-2abd-4f9e-91a5-f5d9e430b40c', '{"sub": "75b04421-2abd-4f9e-91a5-f5d9e430b40c", "email": "bmendezm@stanford.edu", "email_verified": false, "phone_verified": false}', 'email', '2026-03-02 22:40:32.470414+00', '2026-03-02 22:40:32.470485+00', '2026-03-02 22:40:32.470485+00', 'b31e7437-e4e9-410f-91b5-d83ddd134402'),
	('d79202ae-f982-455b-a617-959271c3e7d7', 'd79202ae-f982-455b-a617-959271c3e7d7', '{"sub": "d79202ae-f982-455b-a617-959271c3e7d7", "email": "recruiter@google.com", "email_verified": false, "phone_verified": false}', 'email', '2026-03-04 05:41:12.604885+00', '2026-03-04 05:41:12.60494+00', '2026-03-04 05:41:12.60494+00', '546c24db-de70-4a36-9698-5ab372e5e487'),
	('c321180a-ac03-488b-9dbb-1a36f48b92dd', 'c321180a-ac03-488b-9dbb-1a36f48b92dd', '{"sub": "c321180a-ac03-488b-9dbb-1a36f48b92dd", "email": "bob@gmail.com", "email_verified": false, "phone_verified": false}', 'email', '2026-03-04 05:45:26.734957+00', '2026-03-04 05:45:26.735021+00', '2026-03-04 05:45:26.735021+00', '20dee924-97b2-42ec-8ac6-75b47ba44dbb'),
	('05791a68-dc9a-42d9-b7c8-25001f882700', '05791a68-dc9a-42d9-b7c8-25001f882700', '{"sub": "05791a68-dc9a-42d9-b7c8-25001f882700", "email": "ryan@gmail.com", "email_verified": false, "phone_verified": false}', 'email', '2026-03-04 06:16:58.84829+00', '2026-03-04 06:16:58.848341+00', '2026-03-04 06:16:58.848341+00', '776209dd-0e3e-42fc-ba9b-fe04d043486e'),
	('847db9dd-521c-4b98-8dbf-58ca61177012', '847db9dd-521c-4b98-8dbf-58ca61177012', '{"sub": "847db9dd-521c-4b98-8dbf-58ca61177012", "email": "recruiter_ryan@gmail.com", "email_verified": false, "phone_verified": false}', 'email', '2026-03-04 06:48:00.886185+00', '2026-03-04 06:48:00.886232+00', '2026-03-04 06:48:00.886232+00', '34f2398a-3c7d-4495-9dc1-1fe798ab98f4'),
	('d0669987-e25e-4584-96f9-891ee74b48d2', 'd0669987-e25e-4584-96f9-891ee74b48d2', '{"sub": "d0669987-e25e-4584-96f9-891ee74b48d2", "email": "ryan@ryaninc.com", "email_verified": false, "phone_verified": false}', 'email', '2026-03-04 07:15:18.002645+00', '2026-03-04 07:15:18.002689+00', '2026-03-04 07:15:18.002689+00', '24486fda-3488-44df-83e0-84ecd8b027e5'),
	('b68b2aad-1bc0-4d04-973d-d883039fafe0', 'b68b2aad-1bc0-4d04-973d-d883039fafe0', '{"sub": "b68b2aad-1bc0-4d04-973d-d883039fafe0", "email": "ryan@company1.com", "email_verified": false, "phone_verified": false}', 'email', '2026-03-06 23:57:44.418628+00', '2026-03-06 23:57:44.418678+00', '2026-03-06 23:57:44.418678+00', '161ca574-c6a1-4a27-bd27-557202552486'),
	('d9c0069b-a6fd-49d3-8f3a-44118e77a987', 'd9c0069b-a6fd-49d3-8f3a-44118e77a987', '{"sub": "d9c0069b-a6fd-49d3-8f3a-44118e77a987", "email": "abcejgfjg@gmail.com", "email_verified": false, "phone_verified": false}', 'email', '2026-03-07 21:57:58.574495+00', '2026-03-07 21:57:58.574552+00', '2026-03-07 21:57:58.574552+00', '689681f3-3be8-4fb2-8754-8a5376ef0068'),
	('d080f072-b050-4ff8-9595-30072cde7550', 'd080f072-b050-4ff8-9595-30072cde7550', '{"sub": "d080f072-b050-4ff8-9595-30072cde7550", "email": "zucc@meta.com", "email_verified": false, "phone_verified": false}', 'email', '2026-03-07 22:04:42.867861+00', '2026-03-07 22:04:42.867927+00', '2026-03-07 22:04:42.867927+00', '1eb44bc4-06ad-4561-afc2-6f17f7941924'),
	('317b82c2-4e14-4ab8-b1d5-387d91a14d4c', '317b82c2-4e14-4ab8-b1d5-387d91a14d4c', '{"sub": "317b82c2-4e14-4ab8-b1d5-387d91a14d4c", "email": "ryan@university.com", "email_verified": false, "phone_verified": false}', 'email', '2026-03-07 22:25:18.591303+00', '2026-03-07 22:25:18.591358+00', '2026-03-07 22:25:18.591358+00', 'da690c57-c206-4194-8683-00c0b4eaf3cc'),
	('28228c89-c653-4a6b-b6e7-14a2b96ff3d8', '28228c89-c653-4a6b-b6e7-14a2b96ff3d8', '{"sub": "28228c89-c653-4a6b-b6e7-14a2b96ff3d8", "email": "new@rice.edu", "email_verified": false, "phone_verified": false}', 'email', '2026-03-07 22:29:37.830117+00', '2026-03-07 22:29:37.83016+00', '2026-03-07 22:29:37.83016+00', '0c6441f1-52f9-4190-bcff-4f50a35e4aeb'),
	('bdf2a2fb-b101-4fcf-a508-bff703b12977', 'bdf2a2fb-b101-4fcf-a508-bff703b12977', '{"sub": "bdf2a2fb-b101-4fcf-a508-bff703b12977", "email": "r@rice.edu", "email_verified": false, "phone_verified": false}', 'email', '2026-03-07 22:44:29.10047+00', '2026-03-07 22:44:29.100522+00', '2026-03-07 22:44:29.100522+00', 'efe39b57-f5ea-4519-9d65-3041a5874a3a'),
	('2eae7d0e-988c-4279-a5bf-f21f01920b8f', '2eae7d0e-988c-4279-a5bf-f21f01920b8f', '{"sub": "2eae7d0e-988c-4279-a5bf-f21f01920b8f", "email": "student_test@gmail.com", "email_verified": false, "phone_verified": false}', 'email', '2026-03-07 22:48:51.665787+00', '2026-03-07 22:48:51.665834+00', '2026-03-07 22:48:51.665834+00', 'ff7319fb-909b-43a5-92cd-d7d8354e75d1'),
	('109678547832725409062', 'bb924b4a-7680-4f6c-8a45-333fd0d3caa7', '{"iss": "https://accounts.google.com", "sub": "109678547832725409062", "name": ":D :D", "email": "thisisathrowaway951@gmail.com", "picture": "https://lh3.googleusercontent.com/a/ACg8ocID7osbgKpE456BJpWR6Aj5pyAHBay3YA9qnJh1qg7QBE3Ysg=s96-c", "full_name": ":D :D", "avatar_url": "https://lh3.googleusercontent.com/a/ACg8ocID7osbgKpE456BJpWR6Aj5pyAHBay3YA9qnJh1qg7QBE3Ysg=s96-c", "provider_id": "109678547832725409062", "email_verified": true, "phone_verified": false}', 'google', '2026-03-07 23:39:25.530234+00', '2026-03-07 23:39:25.531067+00', '2026-03-07 23:39:25.531067+00', '736edf1e-99c9-4c79-b47a-7d309a219b91'),
	('53b9d578-d39d-4dd4-8502-6c743d41e871', '53b9d578-d39d-4dd4-8502-6c743d41e871', '{"sub": "53b9d578-d39d-4dd4-8502-6c743d41e871", "email": "hello@gmail.com", "email_verified": false, "phone_verified": false}', 'email', '2026-03-07 23:39:48.636823+00', '2026-03-07 23:39:48.636867+00', '2026-03-07 23:39:48.636867+00', '1fad3a7b-b865-4e37-b4ea-746ca47d7013'),
	('4b7f0fce-7896-411f-9cb2-c94f5342b693', '4b7f0fce-7896-411f-9cb2-c94f5342b693', '{"sub": "4b7f0fce-7896-411f-9cb2-c94f5342b693", "email": "notjacalbr@stanford.edu", "email_verified": false, "phone_verified": false}', 'email', '2026-03-08 00:24:15.054278+00', '2026-03-08 00:24:15.054339+00', '2026-03-08 00:24:15.054339+00', 'b4b813e5-2c40-4e06-ac4b-875dc888fcf6'),
	('8f8dc7fe-e37d-415a-bd51-a92519307eea', '8f8dc7fe-e37d-415a-bd51-a92519307eea', '{"sub": "8f8dc7fe-e37d-415a-bd51-a92519307eea", "email": "ryan@ryan.com", "email_verified": false, "phone_verified": false}', 'email', '2026-03-08 00:38:07.860283+00', '2026-03-08 00:38:07.86033+00', '2026-03-08 00:38:07.86033+00', 'f0a0749b-b1cb-4940-99e8-aab3ca68adb2'),
	('feeaab69-13c0-4e8d-a4bb-e4f98de1b1ba', 'feeaab69-13c0-4e8d-a4bb-e4f98de1b1ba', '{"sub": "feeaab69-13c0-4e8d-a4bb-e4f98de1b1ba", "email": "ryan@stanford.edu", "email_verified": false, "phone_verified": false}', 'email', '2026-03-08 00:42:03.447076+00', '2026-03-08 00:42:03.447123+00', '2026-03-08 00:42:03.447123+00', '864e1605-58cb-4e9c-9d80-b22ba26b8a30'),
	('e472cc37-3a75-4590-826a-bd407301f8ea', 'e472cc37-3a75-4590-826a-bd407301f8ea', '{"sub": "e472cc37-3a75-4590-826a-bd407301f8ea", "email": "bob@ryan.com", "email_verified": false, "phone_verified": false}', 'email', '2026-03-08 01:03:44.551778+00', '2026-03-08 01:03:44.551825+00', '2026-03-08 01:03:44.551825+00', '366a8828-09ac-488c-a776-d35cb5c50363'),
	('2240c911-84a8-4d04-abe1-b747597a57e0', '2240c911-84a8-4d04-abe1-b747597a57e0', '{"sub": "2240c911-84a8-4d04-abe1-b747597a57e0", "email": "thezucc@meta.com", "email_verified": false, "phone_verified": false}', 'email', '2026-03-08 01:08:36.582337+00', '2026-03-08 01:08:36.582382+00', '2026-03-08 01:08:36.582382+00', 'f1c3dec4-9ba4-4973-8176-7f516189d22c'),
	('4f7a5012-31da-428f-a49d-99b7497fbeb3', '4f7a5012-31da-428f-a49d-99b7497fbeb3', '{"sub": "4f7a5012-31da-428f-a49d-99b7497fbeb3", "email": "balhbalbha@meta.com", "email_verified": false, "phone_verified": false}', 'email', '2026-03-08 01:17:00.84242+00', '2026-03-08 01:17:00.842463+00', '2026-03-08 01:17:00.842463+00', 'b44d3b52-aecc-4d45-8dcd-4bda0a8aad50'),
	('b017cdcc-5a7c-45c4-b26d-de67319993e4', 'b017cdcc-5a7c-45c4-b26d-de67319993e4', '{"sub": "b017cdcc-5a7c-45c4-b26d-de67319993e4", "email": "possiblyjacalbr@stanford.edu", "email_verified": false, "phone_verified": false}', 'email', '2026-03-08 01:19:49.86285+00', '2026-03-08 01:19:49.862912+00', '2026-03-08 01:19:49.862912+00', '5957489d-5835-4cb7-903b-f01337a4a0db'),
	('33e64469-cd8f-4065-ba28-16bcfac88098', '33e64469-cd8f-4065-ba28-16bcfac88098', '{"sub": "33e64469-cd8f-4065-ba28-16bcfac88098", "email": "test_recruiter@fakerecruiter.com", "email_verified": false, "phone_verified": false}', 'email', '2026-03-08 01:29:07.902833+00', '2026-03-08 01:29:07.902882+00', '2026-03-08 01:29:07.902882+00', '295d2f19-d4ba-492d-9165-9ee9dfd3f769'),
	('e3c30743-5589-4f32-bfba-e899e7ff146a', 'e3c30743-5589-4f32-bfba-e899e7ff146a', '{"sub": "e3c30743-5589-4f32-bfba-e899e7ff146a", "email": "garbage@cmu.edu", "email_verified": false, "phone_verified": false}', 'email', '2026-03-09 01:32:09.30433+00', '2026-03-09 01:32:09.30438+00', '2026-03-09 01:32:09.30438+00', 'eb8c12ec-a668-441e-9c11-27036661dd4d'),
	('b0c8d96e-cc1b-4311-aabd-81249afad4c1', 'b0c8d96e-cc1b-4311-aabd-81249afad4c1', '{"sub": "b0c8d96e-cc1b-4311-aabd-81249afad4c1", "email": "recruiter@recruiter.com", "email_verified": false, "phone_verified": false}', 'email', '2026-03-09 01:40:33.143273+00', '2026-03-09 01:40:33.143326+00', '2026-03-09 01:40:33.143326+00', '5515543d-c7ed-4c40-88b2-628584c2af17'),
	('1033df5b-2d8f-4a2e-a4cd-d61d19d2a8aa', '1033df5b-2d8f-4a2e-a4cd-d61d19d2a8aa', '{"sub": "1033df5b-2d8f-4a2e-a4cd-d61d19d2a8aa", "email": "new_student@gmail.com", "email_verified": false, "phone_verified": false}', 'email', '2026-03-09 02:04:14.123952+00', '2026-03-09 02:04:14.124009+00', '2026-03-09 02:04:14.124009+00', '2ca0232d-d244-4f09-a139-ca8e05165af1'),
	('a9889f9e-8fe1-4a27-a739-2729af8daa2d', 'a9889f9e-8fe1-4a27-a739-2729af8daa2d', '{"sub": "a9889f9e-8fe1-4a27-a739-2729af8daa2d", "email": "ryan_resume_test@gmail.com", "email_verified": false, "phone_verified": false}', 'email', '2026-03-09 02:05:02.577679+00', '2026-03-09 02:05:02.577742+00', '2026-03-09 02:05:02.577742+00', '4b3d99f0-2cf0-4daa-af9d-70db5650e59d');


--
-- Data for Name: instances; Type: TABLE DATA; Schema: auth; Owner: supabase_auth_admin
--



--
-- Data for Name: oauth_clients; Type: TABLE DATA; Schema: auth; Owner: supabase_auth_admin
--



--
-- Data for Name: sessions; Type: TABLE DATA; Schema: auth; Owner: supabase_auth_admin
--

INSERT INTO "auth"."sessions" ("id", "user_id", "created_at", "updated_at", "factor_id", "aal", "not_after", "refreshed_at", "user_agent", "ip", "tag", "oauth_client_id", "refresh_token_hmac_key", "refresh_token_counter", "scopes") VALUES
	('a210f85e-8b01-45eb-9af0-eeeff4dcc3c9', 'bdf2a2fb-b101-4fcf-a508-bff703b12977', '2026-03-07 22:44:29.115367+00', '2026-03-07 22:44:29.115367+00', NULL, 'aal1', NULL, NULL, 'Mozilla/5.0 (Macintosh; Intel Mac OS X 10_15_7) AppleWebKit/537.36 (KHTML, like Gecko) Chrome/145.0.0.0 Safari/537.36', '128.12.123.134', NULL, NULL, NULL, NULL, NULL),
	('eec5b8e0-b709-4b25-a5a6-0688ac0226b9', 'bb924b4a-7680-4f6c-8a45-333fd0d3caa7', '2026-03-07 23:39:25.546402+00', '2026-03-07 23:39:25.546402+00', NULL, 'aal1', NULL, NULL, 'Mozilla/5.0 (Windows NT 10.0; Win64; x64) AppleWebKit/537.36 (KHTML, like Gecko) Chrome/145.0.0.0 Safari/537.36', '171.66.13.108', NULL, NULL, NULL, NULL, NULL),
	('3deac533-c145-4e0c-8feb-2597efea0c6f', '2a006a4a-bf96-41d1-b177-a82c97d7e75a', '2026-02-23 20:51:32.825679+00', '2026-02-23 22:13:54.403661+00', NULL, 'aal1', NULL, '2026-02-23 22:13:54.40355', 'Mozilla/5.0 (Macintosh; Intel Mac OS X 10_15_7) AppleWebKit/537.36 (KHTML, like Gecko) Chrome/141.0.0.0 Safari/537.36', '68.65.166.168', NULL, NULL, NULL, NULL, NULL),
	('3e9932c8-0f7e-4e60-b5ad-e5625b26afbd', '53b9d578-d39d-4dd4-8502-6c743d41e871', '2026-03-07 23:39:48.643751+00', '2026-03-07 23:39:48.643751+00', NULL, 'aal1', NULL, NULL, 'Mozilla/5.0 (Windows NT 10.0; Win64; x64) AppleWebKit/537.36 (KHTML, like Gecko) Chrome/145.0.0.0 Safari/537.36', '171.66.13.108', NULL, NULL, NULL, NULL, NULL),
	('e90e3cc3-3c79-41d1-a671-7bb029ab45eb', '67cc3525-b606-4ed6-9287-2c707443cd01', '2026-02-23 20:48:46.36246+00', '2026-02-23 20:48:46.36246+00', NULL, 'aal1', NULL, NULL, 'Mozilla/5.0 (Macintosh; Intel Mac OS X 10_15_7) AppleWebKit/537.36 (KHTML, like Gecko) Chrome/145.0.0.0 Safari/537.36', '171.66.13.106', NULL, NULL, NULL, NULL, NULL),
	('29206724-0bf0-45de-9d50-504a7d11aa5a', '8f253cc8-310c-485c-b5ce-cd8a911322d9', '2026-02-23 20:46:45.207307+00', '2026-03-06 07:32:16.39985+00', NULL, 'aal1', NULL, '2026-03-06 07:32:16.39972', 'Mozilla/5.0 (Macintosh; Intel Mac OS X 10_15_7) AppleWebKit/605.1.15 (KHTML, like Gecko) Version/18.6 Safari/605.1.15', '68.65.166.32', NULL, NULL, NULL, NULL, NULL),
	('4a686c25-e26d-4a08-85f7-df85a2d9c0ec', 'ae567028-c0ad-4864-b5fb-423748ecf35b', '2026-02-23 20:50:00.114193+00', '2026-02-23 20:50:00.114193+00', NULL, 'aal1', NULL, NULL, 'Mozilla/5.0 (Macintosh; Intel Mac OS X 10_15_7) AppleWebKit/537.36 (KHTML, like Gecko) Chrome/145.0.0.0 Safari/537.36', '68.65.175.92', NULL, NULL, NULL, NULL, NULL),
	('3e189fd0-5c88-4747-b067-b822851dd696', '37577e65-54f0-4347-b710-5df5bf529b24', '2026-02-23 20:50:03.711949+00', '2026-02-23 20:50:03.711949+00', NULL, 'aal1', NULL, NULL, 'Mozilla/5.0 (Macintosh; Intel Mac OS X 10_15_7) AppleWebKit/537.36 (KHTML, like Gecko) Chrome/144.0.0.0 Safari/537.36', '68.65.175.80', NULL, NULL, NULL, NULL, NULL),
	('1ca0232f-113e-4804-865e-527cc0926be7', '17ddc6d3-72cd-45d7-845c-1aaff4f6cdf0', '2026-02-23 20:50:48.1414+00', '2026-02-23 20:50:48.1414+00', NULL, 'aal1', NULL, NULL, 'Mozilla/5.0 (Macintosh; Intel Mac OS X 10_15_7) AppleWebKit/605.1.15 (KHTML, like Gecko) Version/18.6 Safari/605.1.15', '171.66.12.61', NULL, NULL, NULL, NULL, NULL),
	('509da5b1-8f40-4d93-ad0a-fab9403da4a8', 'febf935a-f88d-4652-a4c0-84acc00f5f94', '2026-02-23 20:51:14.393201+00', '2026-02-23 20:51:14.393201+00', NULL, 'aal1', NULL, NULL, 'Mozilla/5.0 (Macintosh; Intel Mac OS X 10_15_7) AppleWebKit/537.36 (KHTML, like Gecko) Chrome/145.0.0.0 Safari/537.36', '171.66.12.124', NULL, NULL, NULL, NULL, NULL),
	('7c317782-347a-41f8-a73f-61af299d3fbf', 'f2f71b50-6dda-4c6c-accf-de4a79fbbe2e', '2026-02-23 20:51:55.153652+00', '2026-02-23 20:51:55.153652+00', NULL, 'aal1', NULL, NULL, 'Mozilla/5.0 (Macintosh; Intel Mac OS X 10_15_7) AppleWebKit/537.36 (KHTML, like Gecko) Chrome/145.0.0.0 Safari/537.36', '171.66.13.69', NULL, NULL, NULL, NULL, NULL),
	('8e3d319f-2012-4a8b-bdcb-baf11e5b4f66', '7d3dce8f-f94b-46f8-90ae-795e5478bfe0', '2026-02-23 20:51:34.224456+00', '2026-02-23 21:50:43.402764+00', NULL, 'aal1', NULL, '2026-02-23 21:50:43.401909', 'Mozilla/5.0 (Macintosh; Intel Mac OS X 10_15_7) AppleWebKit/537.36 (KHTML, like Gecko) Chrome/144.0.0.0 Safari/537.36', '68.65.164.169', NULL, NULL, NULL, NULL, NULL),
	('9e28eac2-65e0-459f-b333-d76f220bcec2', 'd0669987-e25e-4584-96f9-891ee74b48d2', '2026-03-08 01:17:34.072111+00', '2026-03-08 01:17:34.072111+00', NULL, 'aal1', NULL, NULL, 'Mozilla/5.0 (Macintosh; Intel Mac OS X 10_15_7) AppleWebKit/537.36 (KHTML, like Gecko) Chrome/145.0.0.0 Safari/537.36', '128.12.123.134', NULL, NULL, NULL, NULL, NULL),
	('9e2a1b18-09b7-4cd2-b0cb-0a593c66b444', 'b017cdcc-5a7c-45c4-b26d-de67319993e4', '2026-03-08 01:19:49.871979+00', '2026-03-08 01:19:49.871979+00', NULL, 'aal1', NULL, NULL, 'Mozilla/5.0 (Macintosh; Intel Mac OS X 10.15; rv:147.0) Gecko/20100101 Firefox/147.0', '68.65.166.238', NULL, NULL, NULL, NULL, NULL),
	('def458b5-2236-4f08-b333-93aa3c2b2fc7', 'd122b6db-22da-4701-a75c-282044a408a9', '2026-02-23 20:46:22.214142+00', '2026-03-02 22:33:15.096693+00', NULL, 'aal1', NULL, '2026-03-02 22:33:15.096113', 'Mozilla/5.0 (Macintosh; Intel Mac OS X 10_15_7) AppleWebKit/537.36 (KHTML, like Gecko) Chrome/145.0.0.0 Safari/537.36', '84.21.169.64', NULL, NULL, NULL, NULL, NULL),
	('bf282373-c5b7-4a98-ab78-723635b23166', 'd0669987-e25e-4584-96f9-891ee74b48d2', '2026-03-09 04:27:28.693817+00', '2026-03-09 04:27:28.693817+00', NULL, 'aal1', NULL, NULL, 'Mozilla/5.0 (Macintosh; Intel Mac OS X 10_15_7) AppleWebKit/537.36 (KHTML, like Gecko) Chrome/145.0.0.0 Safari/537.36', '128.12.123.134', NULL, NULL, NULL, NULL, NULL),
	('1802d559-e929-4cd8-9beb-70a7a585c333', 'b0c8d96e-cc1b-4311-aabd-81249afad4c1', '2026-03-09 01:40:33.153461+00', '2026-03-09 01:40:33.153461+00', NULL, 'aal1', NULL, NULL, 'Mozilla/5.0 (Macintosh; Intel Mac OS X 10_15_7) AppleWebKit/537.36 (KHTML, like Gecko) Chrome/145.0.0.0 Safari/537.36', '68.65.166.26', NULL, NULL, NULL, NULL, NULL),
	('ee9e832c-2795-49bf-9c8d-1875858ad3ad', '2240c911-84a8-4d04-abe1-b747597a57e0', '2026-03-08 01:08:36.589612+00', '2026-03-09 04:35:12.219708+00', NULL, 'aal1', NULL, '2026-03-09 04:35:12.2196', 'Mozilla/5.0 (Macintosh; Intel Mac OS X 10.15; rv:147.0) Gecko/20100101 Firefox/147.0', '68.65.171.89', NULL, NULL, NULL, NULL, NULL),
	('e87a403b-127e-45ed-8b97-ea5ec6f1431c', '8f8dc7fe-e37d-415a-bd51-a92519307eea', '2026-03-09 04:52:43.095828+00', '2026-03-09 04:52:43.095828+00', NULL, 'aal1', NULL, NULL, 'Mozilla/5.0 (Macintosh; Intel Mac OS X 10_15_7) AppleWebKit/537.36 (KHTML, like Gecko) Chrome/145.0.0.0 Safari/537.36', '128.12.123.134', NULL, NULL, NULL, NULL, NULL),
	('f5f4ab4c-ec40-4cd9-a983-13b077cb271c', '4f7a5012-31da-428f-a49d-99b7497fbeb3', '2026-03-08 01:17:00.848208+00', '2026-03-09 05:05:23.400642+00', NULL, 'aal1', NULL, '2026-03-09 05:05:23.400533', 'Mozilla/5.0 (Macintosh; Intel Mac OS X 10.15; rv:147.0) Gecko/20100101 Firefox/147.0', '68.65.171.89', NULL, NULL, NULL, NULL, NULL);


--
-- Data for Name: mfa_amr_claims; Type: TABLE DATA; Schema: auth; Owner: supabase_auth_admin
--

INSERT INTO "auth"."mfa_amr_claims" ("session_id", "created_at", "updated_at", "authentication_method", "id") VALUES
	('a210f85e-8b01-45eb-9af0-eeeff4dcc3c9', '2026-03-07 22:44:29.124599+00', '2026-03-07 22:44:29.124599+00', 'password', '335d20ed-981d-4788-b4d9-ac18066090cd'),
	('eec5b8e0-b709-4b25-a5a6-0688ac0226b9', '2026-03-07 23:39:25.581624+00', '2026-03-07 23:39:25.581624+00', 'oauth', '19fb5884-0267-4aad-a1fb-bed45d6b5128'),
	('def458b5-2236-4f08-b333-93aa3c2b2fc7', '2026-02-23 20:46:22.217393+00', '2026-02-23 20:46:22.217393+00', 'password', '9fbecf24-61ef-41d6-a9bb-31ceeb099447'),
	('3e9932c8-0f7e-4e60-b5ad-e5625b26afbd', '2026-03-07 23:39:48.645792+00', '2026-03-07 23:39:48.645792+00', 'password', '0d4691e7-f6b6-45b6-9b8c-9db89a8ccd13'),
	('29206724-0bf0-45de-9d50-504a7d11aa5a', '2026-02-23 20:46:45.20981+00', '2026-02-23 20:46:45.20981+00', 'password', 'f9382389-0584-4bed-bb0c-d76c39176813'),
	('e90e3cc3-3c79-41d1-a671-7bb029ab45eb', '2026-02-23 20:48:46.365523+00', '2026-02-23 20:48:46.365523+00', 'password', 'ca56cc11-2cd3-445c-b8a5-55c8bb942e64'),
	('4a686c25-e26d-4a08-85f7-df85a2d9c0ec', '2026-02-23 20:50:00.116178+00', '2026-02-23 20:50:00.116178+00', 'password', '23ee7b8a-d50e-4bd0-a991-9d8a73185a2e'),
	('3e189fd0-5c88-4747-b067-b822851dd696', '2026-02-23 20:50:03.714147+00', '2026-02-23 20:50:03.714147+00', 'password', 'a051e6d5-1d4d-44e4-8080-c75023f61243'),
	('1ca0232f-113e-4804-865e-527cc0926be7', '2026-02-23 20:50:48.143476+00', '2026-02-23 20:50:48.143476+00', 'password', 'ee01cd88-05bf-469a-b021-7972280bcd5d'),
	('509da5b1-8f40-4d93-ad0a-fab9403da4a8', '2026-02-23 20:51:14.428635+00', '2026-02-23 20:51:14.428635+00', 'password', 'fe938d34-a8bf-44ad-a1d1-763af77897da'),
	('3deac533-c145-4e0c-8feb-2597efea0c6f', '2026-02-23 20:51:32.827307+00', '2026-02-23 20:51:32.827307+00', 'password', '6486957f-408b-4ebc-ba33-04709da5f94a'),
	('8e3d319f-2012-4a8b-bdcb-baf11e5b4f66', '2026-02-23 20:51:34.230927+00', '2026-02-23 20:51:34.230927+00', 'password', '54dddbc1-5904-4863-8f6e-df4b4515136b'),
	('7c317782-347a-41f8-a73f-61af299d3fbf', '2026-02-23 20:51:55.155625+00', '2026-02-23 20:51:55.155625+00', 'password', '56fa7d00-e71a-47a2-8401-b4f4c1dd11ff'),
	('ee9e832c-2795-49bf-9c8d-1875858ad3ad', '2026-03-08 01:08:36.593158+00', '2026-03-08 01:08:36.593158+00', 'password', '198e4e87-4614-4695-9ca1-ee84ac034432'),
	('f5f4ab4c-ec40-4cd9-a983-13b077cb271c', '2026-03-08 01:17:00.852702+00', '2026-03-08 01:17:00.852702+00', 'password', '91438722-bda7-4b04-a4b3-0c7d830337a8'),
	('9e28eac2-65e0-459f-b333-d76f220bcec2', '2026-03-08 01:17:34.074418+00', '2026-03-08 01:17:34.074418+00', 'password', '43e28f73-471e-4923-8b51-ef9f6028538b'),
	('9e2a1b18-09b7-4cd2-b0cb-0a593c66b444', '2026-03-08 01:19:49.875141+00', '2026-03-08 01:19:49.875141+00', 'password', '845fcc34-0f32-42f5-9371-99fa90562bda'),
	('1802d559-e929-4cd8-9beb-70a7a585c333', '2026-03-09 01:40:33.156307+00', '2026-03-09 01:40:33.156307+00', 'password', '08438637-21a3-4d93-b3c0-7c8989478da1'),
	('bf282373-c5b7-4a98-ab78-723635b23166', '2026-03-09 04:27:28.72578+00', '2026-03-09 04:27:28.72578+00', 'password', '53638e1b-e432-4f48-a726-287ccea53075'),
	('e87a403b-127e-45ed-8b97-ea5ec6f1431c', '2026-03-09 04:52:43.155366+00', '2026-03-09 04:52:43.155366+00', 'password', 'ee4aadbe-e240-4d5d-b450-4d8717037d8e');


--
-- Data for Name: mfa_factors; Type: TABLE DATA; Schema: auth; Owner: supabase_auth_admin
--



--
-- Data for Name: mfa_challenges; Type: TABLE DATA; Schema: auth; Owner: supabase_auth_admin
--



--
-- Data for Name: oauth_authorizations; Type: TABLE DATA; Schema: auth; Owner: supabase_auth_admin
--



--
-- Data for Name: oauth_client_states; Type: TABLE DATA; Schema: auth; Owner: supabase_auth_admin
--



--
-- Data for Name: oauth_consents; Type: TABLE DATA; Schema: auth; Owner: supabase_auth_admin
--



--
-- Data for Name: one_time_tokens; Type: TABLE DATA; Schema: auth; Owner: supabase_auth_admin
--



--
-- Data for Name: refresh_tokens; Type: TABLE DATA; Schema: auth; Owner: supabase_auth_admin
--

INSERT INTO "auth"."refresh_tokens" ("instance_id", "id", "token", "user_id", "revoked", "created_at", "updated_at", "parent", "session_id") VALUES
	('00000000-0000-0000-0000-000000000000', 249, 'jrbylqwtjbsm', '4f7a5012-31da-428f-a49d-99b7497fbeb3', true, '2026-03-08 22:00:15.072714+00', '2026-03-09 04:03:44.757507+00', 'nadju3ejnuzu', 'f5f4ab4c-ec40-4cd9-a983-13b077cb271c'),
	('00000000-0000-0000-0000-000000000000', 208, 'ddmiquthsk4j', 'bdf2a2fb-b101-4fcf-a508-bff703b12977', false, '2026-03-07 22:44:29.121903+00', '2026-03-07 22:44:29.121903+00', NULL, 'a210f85e-8b01-45eb-9af0-eeeff4dcc3c9'),
	('00000000-0000-0000-0000-000000000000', 266, 'b5oe3iweyw5a', '2240c911-84a8-4d04-abe1-b747597a57e0', false, '2026-03-09 04:35:12.203554+00', '2026-03-09 04:35:12.203554+00', 'duduaongso6h', 'ee9e832c-2795-49bf-9c8d-1875858ad3ad'),
	('00000000-0000-0000-0000-000000000000', 262, 'a6sag42v2x7e', '4f7a5012-31da-428f-a49d-99b7497fbeb3', true, '2026-03-09 04:03:44.767391+00', '2026-03-09 05:05:23.354768+00', 'jrbylqwtjbsm', 'f5f4ab4c-ec40-4cd9-a983-13b077cb271c'),
	('00000000-0000-0000-0000-000000000000', 47, 'ery4lcrjvhlx', '8f253cc8-310c-485c-b5ce-cd8a911322d9', true, '2026-02-23 22:03:37.892666+00', '2026-03-02 21:12:05.042522+00', 'nobgjmsvsvop', '29206724-0bf0-45de-9d50-504a7d11aa5a'),
	('00000000-0000-0000-0000-000000000000', 237, 'axunefnu445f', '4f7a5012-31da-428f-a49d-99b7497fbeb3', true, '2026-03-08 03:15:34.348694+00', '2026-03-08 04:44:39.995659+00', '477qff6k4udg', 'f5f4ab4c-ec40-4cd9-a983-13b077cb271c'),
	('00000000-0000-0000-0000-000000000000', 80, '3bwgznp24njl', '8f253cc8-310c-485c-b5ce-cd8a911322d9', true, '2026-03-02 21:12:05.053098+00', '2026-03-02 22:11:00.835346+00', 'ery4lcrjvhlx', '29206724-0bf0-45de-9d50-504a7d11aa5a'),
	('00000000-0000-0000-0000-000000000000', 240, 'nkrwv4mnvkek', '4f7a5012-31da-428f-a49d-99b7497fbeb3', true, '2026-03-08 06:41:10.864541+00', '2026-03-08 07:39:11.318478+00', 'o5taam73zwmn', 'f5f4ab4c-ec40-4cd9-a983-13b077cb271c'),
	('00000000-0000-0000-0000-000000000000', 243, 'bcoccqcrwffk', '4f7a5012-31da-428f-a49d-99b7497fbeb3', true, '2026-03-08 09:35:12.782751+00', '2026-03-08 18:31:04.684279+00', 'w4f7bbdhzvrl', 'f5f4ab4c-ec40-4cd9-a983-13b077cb271c'),
	('00000000-0000-0000-0000-000000000000', 30, 'vg4wqiqmke2x', 'd122b6db-22da-4701-a75c-282044a408a9', true, '2026-02-23 20:46:22.215464+00', '2026-03-02 22:33:15.091834+00', NULL, 'def458b5-2236-4f08-b333-93aa3c2b2fc7'),
	('00000000-0000-0000-0000-000000000000', 246, '5ngoefuwym7o', '4f7a5012-31da-428f-a49d-99b7497fbeb3', true, '2026-03-08 19:37:06.129322+00', '2026-03-08 21:01:56.496654+00', '4iq52lpci2fn', 'f5f4ab4c-ec40-4cd9-a983-13b077cb271c'),
	('00000000-0000-0000-0000-000000000000', 86, 'hwssze5c7q6a', 'd122b6db-22da-4701-a75c-282044a408a9', false, '2026-03-02 22:33:15.092207+00', '2026-03-02 22:33:15.092207+00', 'vg4wqiqmke2x', 'def458b5-2236-4f08-b333-93aa3c2b2fc7'),
	('00000000-0000-0000-0000-000000000000', 34, '4mnemkzcvdxa', '67cc3525-b606-4ed6-9287-2c707443cd01', false, '2026-02-23 20:48:46.363706+00', '2026-02-23 20:48:46.363706+00', NULL, 'e90e3cc3-3c79-41d1-a671-7bb029ab45eb'),
	('00000000-0000-0000-0000-000000000000', 37, 'tssqzrcw4d6q', 'ae567028-c0ad-4864-b5fb-423748ecf35b', false, '2026-02-23 20:50:00.115006+00', '2026-02-23 20:50:00.115006+00', NULL, '4a686c25-e26d-4a08-85f7-df85a2d9c0ec'),
	('00000000-0000-0000-0000-000000000000', 38, '6lkqnkl7tgvj', '37577e65-54f0-4347-b710-5df5bf529b24', false, '2026-02-23 20:50:03.712845+00', '2026-02-23 20:50:03.712845+00', NULL, '3e189fd0-5c88-4747-b067-b822851dd696'),
	('00000000-0000-0000-0000-000000000000', 39, '2o3hsbla3clw', '17ddc6d3-72cd-45d7-845c-1aaff4f6cdf0', false, '2026-02-23 20:50:48.142287+00', '2026-02-23 20:50:48.142287+00', NULL, '1ca0232f-113e-4804-865e-527cc0926be7'),
	('00000000-0000-0000-0000-000000000000', 40, 'rid4aeqc57ag', 'febf935a-f88d-4652-a4c0-84acc00f5f94', false, '2026-02-23 20:51:14.403406+00', '2026-02-23 20:51:14.403406+00', NULL, '509da5b1-8f40-4d93-ad0a-fab9403da4a8'),
	('00000000-0000-0000-0000-000000000000', 43, 'pujox2xhigu2', 'f2f71b50-6dda-4c6c-accf-de4a79fbbe2e', false, '2026-02-23 20:51:55.154446+00', '2026-02-23 20:51:55.154446+00', NULL, '7c317782-347a-41f8-a73f-61af299d3fbf'),
	('00000000-0000-0000-0000-000000000000', 42, 'lf7dx4tcshqb', '7d3dce8f-f94b-46f8-90ae-795e5478bfe0', true, '2026-02-23 20:51:34.229661+00', '2026-02-23 21:50:43.358701+00', NULL, '8e3d319f-2012-4a8b-bdcb-baf11e5b4f66'),
	('00000000-0000-0000-0000-000000000000', 46, 'teaxssxdcy2l', '7d3dce8f-f94b-46f8-90ae-795e5478bfe0', false, '2026-02-23 21:50:43.379567+00', '2026-02-23 21:50:43.379567+00', 'lf7dx4tcshqb', '8e3d319f-2012-4a8b-bdcb-baf11e5b4f66'),
	('00000000-0000-0000-0000-000000000000', 32, 'nobgjmsvsvop', '8f253cc8-310c-485c-b5ce-cd8a911322d9', true, '2026-02-23 20:46:45.208579+00', '2026-02-23 22:03:37.880518+00', NULL, '29206724-0bf0-45de-9d50-504a7d11aa5a'),
	('00000000-0000-0000-0000-000000000000', 41, 'pvsqoioxg4v3', '2a006a4a-bf96-41d1-b177-a82c97d7e75a', true, '2026-02-23 20:51:32.826347+00', '2026-02-23 22:13:54.394819+00', NULL, '3deac533-c145-4e0c-8feb-2597efea0c6f'),
	('00000000-0000-0000-0000-000000000000', 48, 'xeyq2h2xcsr4', '2a006a4a-bf96-41d1-b177-a82c97d7e75a', false, '2026-02-23 22:13:54.399161+00', '2026-02-23 22:13:54.399161+00', 'pvsqoioxg4v3', '3deac533-c145-4e0c-8feb-2597efea0c6f'),
	('00000000-0000-0000-0000-000000000000', 83, '3mvw2zctp7p4', '8f253cc8-310c-485c-b5ce-cd8a911322d9', true, '2026-03-02 22:11:00.840924+00', '2026-03-04 05:17:19.165452+00', '3bwgznp24njl', '29206724-0bf0-45de-9d50-504a7d11aa5a'),
	('00000000-0000-0000-0000-000000000000', 267, 'lmifuen3ais4', '8f8dc7fe-e37d-415a-bd51-a92519307eea', false, '2026-03-09 04:52:43.136404+00', '2026-03-09 04:52:43.136404+00', NULL, 'e87a403b-127e-45ed-8b97-ea5ec6f1431c'),
	('00000000-0000-0000-0000-000000000000', 212, 'qaerrweayotd', 'bb924b4a-7680-4f6c-8a45-333fd0d3caa7', false, '2026-03-07 23:39:25.559468+00', '2026-03-07 23:39:25.559468+00', NULL, 'eec5b8e0-b709-4b25-a5a6-0688ac0226b9'),
	('00000000-0000-0000-0000-000000000000', 213, '4s6smu46rr27', '53b9d578-d39d-4dd4-8502-6c743d41e871', false, '2026-03-07 23:39:48.644565+00', '2026-03-07 23:39:48.644565+00', NULL, '3e9932c8-0f7e-4e60-b5ad-e5625b26afbd'),
	('00000000-0000-0000-0000-000000000000', 231, 'war6e4q33iiq', 'd0669987-e25e-4584-96f9-891ee74b48d2', false, '2026-03-08 01:17:34.073186+00', '2026-03-08 01:17:34.073186+00', NULL, '9e28eac2-65e0-459f-b333-d76f220bcec2'),
	('00000000-0000-0000-0000-000000000000', 230, '7mfuhnggqvfo', '4f7a5012-31da-428f-a49d-99b7497fbeb3', true, '2026-03-08 01:17:00.850828+00', '2026-03-08 02:15:28.947836+00', NULL, 'f5f4ab4c-ec40-4cd9-a983-13b077cb271c'),
	('00000000-0000-0000-0000-000000000000', 235, '477qff6k4udg', '4f7a5012-31da-428f-a49d-99b7497fbeb3', true, '2026-03-08 02:15:28.967066+00', '2026-03-08 03:15:34.328286+00', '7mfuhnggqvfo', 'f5f4ab4c-ec40-4cd9-a983-13b077cb271c'),
	('00000000-0000-0000-0000-000000000000', 238, 'xgrjceqerrdz', '4f7a5012-31da-428f-a49d-99b7497fbeb3', true, '2026-03-08 04:44:40.008326+00', '2026-03-08 05:43:10.223265+00', 'axunefnu445f', 'f5f4ab4c-ec40-4cd9-a983-13b077cb271c'),
	('00000000-0000-0000-0000-000000000000', 241, 'pzf6ufhxv22v', '4f7a5012-31da-428f-a49d-99b7497fbeb3', true, '2026-03-08 07:39:11.329498+00', '2026-03-08 08:37:12.193128+00', 'nkrwv4mnvkek', 'f5f4ab4c-ec40-4cd9-a983-13b077cb271c'),
	('00000000-0000-0000-0000-000000000000', 244, '4iq52lpci2fn', '4f7a5012-31da-428f-a49d-99b7497fbeb3', true, '2026-03-08 18:31:04.695781+00', '2026-03-08 19:37:06.104593+00', 'bcoccqcrwffk', 'f5f4ab4c-ec40-4cd9-a983-13b077cb271c'),
	('00000000-0000-0000-0000-000000000000', 247, 'nadju3ejnuzu', '4f7a5012-31da-428f-a49d-99b7497fbeb3', true, '2026-03-08 21:01:56.517706+00', '2026-03-08 22:00:15.064343+00', '5ngoefuwym7o', 'f5f4ab4c-ec40-4cd9-a983-13b077cb271c'),
	('00000000-0000-0000-0000-000000000000', 257, 'lf6filpr4biz', 'b0c8d96e-cc1b-4311-aabd-81249afad4c1', false, '2026-03-09 01:40:33.154681+00', '2026-03-09 01:40:33.154681+00', NULL, '1802d559-e929-4cd8-9beb-70a7a585c333'),
	('00000000-0000-0000-0000-000000000000', 113, '6fbyrqihys46', '8f253cc8-310c-485c-b5ce-cd8a911322d9', true, '2026-03-04 05:17:19.174216+00', '2026-03-06 07:32:16.371757+00', '3mvw2zctp7p4', '29206724-0bf0-45de-9d50-504a7d11aa5a'),
	('00000000-0000-0000-0000-000000000000', 163, 'kt2fvpk62a62', '8f253cc8-310c-485c-b5ce-cd8a911322d9', false, '2026-03-06 07:32:16.378222+00', '2026-03-06 07:32:16.378222+00', '6fbyrqihys46', '29206724-0bf0-45de-9d50-504a7d11aa5a'),
	('00000000-0000-0000-0000-000000000000', 264, 'y3n2lxfbtmff', 'd0669987-e25e-4584-96f9-891ee74b48d2', false, '2026-03-09 04:27:28.721554+00', '2026-03-09 04:27:28.721554+00', NULL, 'bf282373-c5b7-4a98-ab78-723635b23166'),
	('00000000-0000-0000-0000-000000000000', 248, 'duduaongso6h', '2240c911-84a8-4d04-abe1-b747597a57e0', true, '2026-03-08 21:19:48.059542+00', '2026-03-09 04:35:12.196189+00', 'atsksabuoito', 'ee9e832c-2795-49bf-9c8d-1875858ad3ad'),
	('00000000-0000-0000-0000-000000000000', 268, 'rfpinphstk4a', '4f7a5012-31da-428f-a49d-99b7497fbeb3', false, '2026-03-09 05:05:23.369347+00', '2026-03-09 05:05:23.369347+00', 'a6sag42v2x7e', 'f5f4ab4c-ec40-4cd9-a983-13b077cb271c'),
	('00000000-0000-0000-0000-000000000000', 233, 'h4w7dvwrwjrt', 'b017cdcc-5a7c-45c4-b26d-de67319993e4', false, '2026-03-08 01:19:49.873274+00', '2026-03-08 01:19:49.873274+00', NULL, '9e2a1b18-09b7-4cd2-b0cb-0a593c66b444'),
	('00000000-0000-0000-0000-000000000000', 239, 'o5taam73zwmn', '4f7a5012-31da-428f-a49d-99b7497fbeb3', true, '2026-03-08 05:43:10.246826+00', '2026-03-08 06:41:10.842902+00', 'xgrjceqerrdz', 'f5f4ab4c-ec40-4cd9-a983-13b077cb271c'),
	('00000000-0000-0000-0000-000000000000', 242, 'w4f7bbdhzvrl', '4f7a5012-31da-428f-a49d-99b7497fbeb3', true, '2026-03-08 08:37:12.203789+00', '2026-03-08 09:35:12.767696+00', 'pzf6ufhxv22v', 'f5f4ab4c-ec40-4cd9-a983-13b077cb271c'),
	('00000000-0000-0000-0000-000000000000', 228, 'atsksabuoito', '2240c911-84a8-4d04-abe1-b747597a57e0', true, '2026-03-08 01:08:36.590728+00', '2026-03-08 21:19:48.056824+00', NULL, 'ee9e832c-2795-49bf-9c8d-1875858ad3ad');


--
-- Data for Name: sso_providers; Type: TABLE DATA; Schema: auth; Owner: supabase_auth_admin
--



--
-- Data for Name: saml_providers; Type: TABLE DATA; Schema: auth; Owner: supabase_auth_admin
--



--
-- Data for Name: saml_relay_states; Type: TABLE DATA; Schema: auth; Owner: supabase_auth_admin
--



--
-- Data for Name: sso_domains; Type: TABLE DATA; Schema: auth; Owner: supabase_auth_admin
--



--
-- Data for Name: schools; Type: TABLE DATA; Schema: public; Owner: postgres
--

INSERT INTO "public"."schools" ("id", "name", "created_at", "email_suffix") VALUES
	('ef236e37-f3cf-52a8-948c-4cab94690678', 'Stanford University', '2026-03-08 00:23:18.364043+00', '@stanford.edu'),
	('3b3a53cc-79e9-584b-bc86-03b2d9be7c2c', 'Harvard University', '2026-03-08 00:23:18.364043+00', '@harvard.edu'),
	('d58d2002-c452-53e8-b5d9-15c948338d45', 'Massachusetts Institute of Technology', '2026-03-08 00:23:18.364043+00', '@mit.edu'),
	('dc53964d-b941-53dd-b727-e6120f03a152', 'California Institute of Technology', '2026-03-08 00:23:18.364043+00', '@caltech.edu'),
	('e3dd9339-d942-5194-b929-879cdc1d17e2', 'Princeton University', '2026-03-08 00:23:18.364043+00', '@princeton.edu'),
	('ef1cb361-f63d-58b8-ba9d-e4fc4f682f16', 'Yale University', '2026-03-08 00:23:18.364043+00', '@yale.edu'),
	('d88cd70b-a29a-5bd0-9a8a-7f6b1009fd3b', 'Columbia University', '2026-03-08 00:23:18.364043+00', '@columbia.edu'),
	('e208891b-4574-542f-97b4-a98d8db40f1e', 'University of Chicago', '2026-03-08 00:23:18.364043+00', '@uchicago.edu'),
	('eddceb7c-1902-5796-babe-201438503153', 'University of Pennsylvania', '2026-03-08 00:23:18.364043+00', '@upenn.edu'),
	('3bd0bce9-4b6b-583d-940e-d087d8ab5afc', 'Cornell University', '2026-03-08 00:23:18.364043+00', '@cornell.edu'),
	('ffe2e944-326d-5744-81d5-485c4b02b33e', 'Duke University', '2026-03-08 00:23:18.364043+00', '@duke.edu'),
	('732d1938-cb6d-5b4a-a6ec-705a58946c6e', 'Johns Hopkins University', '2026-03-08 00:23:18.364043+00', '@jhu.edu'),
	('7809606f-0e27-5bea-88bc-0ad36ae717f5', 'Northwestern University', '2026-03-08 00:23:18.364043+00', '@northwestern.edu'),
	('b20a2402-e94e-5559-a8f8-460eb57e04d6', 'Brown University', '2026-03-08 00:23:18.364043+00', '@brown.edu'),
	('39b8a1dc-78be-53dd-ad36-3658b4fbf8c1', 'Dartmouth College', '2026-03-08 00:23:18.364043+00', '@dartmouth.edu'),
	('9a19d9a3-adc3-5776-b21e-cb82b1050074', 'Vanderbilt University', '2026-03-08 00:23:18.364043+00', '@vanderbilt.edu'),
	('57fa93d5-a7d6-5364-b443-f8a95b0af053', 'Rice University', '2026-03-08 00:23:18.364043+00', '@rice.edu'),
	('fa4469fb-3dee-52b2-a358-5f44a9082ea7', 'Washington University in St. Louis', '2026-03-08 00:23:18.364043+00', '@wustl.edu'),
	('7079e117-ded7-5565-a9ae-c1c63cb1bb29', 'University of Notre Dame', '2026-03-08 00:23:18.364043+00', '@nd.edu'),
	('63e0e090-c214-50ca-be3d-7419dcbac28a', 'Georgetown University', '2026-03-08 00:23:18.364043+00', '@georgetown.edu'),
	('00c17bba-5f9f-581e-9817-aaea88d767f1', 'Carnegie Mellon University', '2026-03-08 00:23:18.364043+00', '@cmu.edu'),
	('17e1a1d4-0289-5166-a6e1-b470a4ec4d8d', 'University of California, Berkeley', '2026-03-08 00:23:18.364043+00', '@berkeley.edu'),
	('59b95774-3396-5c25-9f18-89ec51c93c73', 'University of California, Los Angeles', '2026-03-08 00:23:18.364043+00', '@ucla.edu'),
	('9603c82e-c416-5765-bc12-456b94364b82', 'University of Michigan', '2026-03-08 00:23:18.364043+00', '@umich.edu'),
	('32b31146-2bc0-56d5-96fa-e0c513e3be60', 'University of Virginia', '2026-03-08 00:23:18.364043+00', '@virginia.edu'),
	('aa0327c6-eb46-56c8-a74d-dfef7a9868ae', 'University of North Carolina at Chapel Hill', '2026-03-08 00:23:18.364043+00', '@unc.edu'),
	('9c62d079-a363-5d8b-8255-44dea6044586', 'University of Florida', '2026-03-08 00:23:18.364043+00', '@ufl.edu'),
	('fb4935ae-4fac-5817-bd8d-e621a85eff33', 'University of Texas at Austin', '2026-03-08 00:23:18.364043+00', '@utexas.edu'),
	('d25ffd9c-5b1f-595e-aa4f-012d78fc7500', 'University of Washington', '2026-03-08 00:23:18.364043+00', '@uw.edu'),
	('c680837b-357c-54b7-8a5d-f917435cd34d', 'Georgia Institute of Technology', '2026-03-08 00:23:18.364043+00', '@gatech.edu'),
	('b0fdfbd7-2d04-59d5-a10b-a14c9c548d97', 'University of Southern California', '2026-03-08 00:23:18.364043+00', '@usc.edu'),
	('7095e557-abd5-5727-9229-64e48afe158b', 'New York University', '2026-03-08 00:23:18.364043+00', '@nyu.edu'),
	('d31361bc-0f0a-5409-8651-7879d0c27526', 'Boston University', '2026-03-08 00:23:18.364043+00', '@bu.edu'),
	('48ba72c3-605d-5f38-bd98-6d56bbc694d4', 'Boston College', '2026-03-08 00:23:18.364043+00', '@bc.edu'),
	('8dac5e28-c479-5391-94a9-bc40670f1ee3', 'Tufts University', '2026-03-08 00:23:18.364043+00', '@tufts.edu'),
	('9ace350f-9ec6-583f-98c4-38c84e6be1d0', 'Emory University', '2026-03-08 00:23:18.364043+00', '@emory.edu'),
	('99988822-1236-5acc-a5b4-1f0304724b83', 'Wake Forest University', '2026-03-08 00:23:18.364043+00', '@wfu.edu'),
	('79ab33fe-40f7-5d7c-8b10-6be98a5e8a6e', 'Case Western Reserve University', '2026-03-08 00:23:18.364043+00', '@case.edu'),
	('768fa79d-f71f-56a9-b57d-ff933af55791', 'University of Wisconsin–Madison', '2026-03-08 00:23:18.364043+00', '@wisc.edu'),
	('270ffcb8-b7fe-52dc-8dc6-920a51876b36', 'University of Illinois Urbana-Champaign', '2026-03-08 00:23:18.364043+00', '@illinois.edu'),
	('b38116fa-e4b0-51c2-a5c4-73b5d29afa1e', 'Purdue University', '2026-03-08 00:23:18.364043+00', '@purdue.edu'),
	('9a0b428b-bcf8-5d30-bd6a-96f8869f944a', 'University of Maryland', '2026-03-08 00:23:18.364043+00', '@umd.edu'),
	('e4e3caf2-7c52-52d2-bbab-38a582ce44bc', 'Ohio State University', '2026-03-08 00:23:18.364043+00', '@osu.edu'),
	('ad5025ba-5b78-515c-83ff-37cfd11ae69f', 'Pennsylvania State University', '2026-03-08 00:23:18.364043+00', '@psu.edu'),
	('f272c4e6-af0c-5064-be6b-8f1cabb4671d', 'University of Minnesota', '2026-03-08 00:23:18.364043+00', '@umn.edu'),
	('3a6925dd-8eac-5c7e-bbad-1cbdb25df2bd', 'University of Pittsburgh', '2026-03-08 00:23:18.364043+00', '@pitt.edu'),
	('ccba46c5-4bd3-5c2f-bd64-f06cb375f71c', 'University of California, San Diego', '2026-03-08 00:23:18.364043+00', '@ucsd.edu'),
	('944283ae-18c3-5af9-ac34-671c7202bb6e', 'University of California, Santa Barbara', '2026-03-08 00:23:18.364043+00', '@ucsb.edu'),
	('e4c6b3c4-d8fc-508a-a17f-c984840c6997', 'University of California, Davis', '2026-03-08 00:23:18.364043+00', '@ucdavis.edu'),
	('e12243ee-8a39-5dea-8fec-8662bfa04bf9', 'University of California, Irvine', '2026-03-08 00:23:18.364043+00', '@uci.edu'),
	('6df5c04d-43be-5c7a-8602-a53ac4bfef5b', 'University of Rochester', '2026-03-08 00:23:18.364043+00', '@rochester.edu'),
	('3f07682e-6070-520f-85e1-d900c0ec8fe6', 'Brandeis University', '2026-03-08 00:23:18.364043+00', '@brandeis.edu'),
	('bd9abb72-458c-5777-a47e-685650a279be', 'Northeastern University', '2026-03-08 00:23:18.364043+00', '@northeastern.edu'),
	('4e29873a-df6f-5bd4-8f37-823a5812f6af', 'Tulane University', '2026-03-08 00:23:18.364043+00', '@tulane.edu'),
	('fcade37b-0cef-5bfd-b5ab-6136a751bf8e', 'Lehigh University', '2026-03-08 00:23:18.364043+00', '@lehigh.edu'),
	('b665b902-4459-50ca-a123-94b2629be6ab', 'Villanova University', '2026-03-08 00:23:18.364043+00', '@villanova.edu'),
	('02a985d1-76ed-509c-aad6-738365443887', 'University of Miami', '2026-03-08 00:23:18.364043+00', '@miami.edu'),
	('82e2bcde-9a0c-5b14-a5d9-3b626590bbd2', 'George Washington University', '2026-03-08 00:23:18.364043+00', '@gwu.edu'),
	('90ebfad7-0aa8-54b6-b944-51fa3fd144ac', 'University of Georgia', '2026-03-08 00:23:18.364043+00', '@uga.edu'),
	('4d3665ea-434d-5ae0-a227-b9752518d305', 'Pepperdine University', '2026-03-08 00:23:18.364043+00', '@pepperdine.edu'),
	('3399e755-514f-51f3-9dba-db138ba5c9c2', 'Fordham University', '2026-03-08 00:23:18.364043+00', '@fordham.edu'),
	('922d8f96-dbc1-504a-827e-08b7440ef4d3', 'Southern Methodist University', '2026-03-08 00:23:18.364043+00', '@smu.edu'),
	('4d59b949-e008-5098-afc0-ab4a36f955bd', 'University of Connecticut', '2026-03-08 00:23:18.364043+00', '@uconn.edu'),
	('88d89695-b76d-598a-bf75-a31b08d32b6f', 'Rensselaer Polytechnic Institute', '2026-03-08 00:23:18.364043+00', '@rpi.edu'),
	('c535dfbc-ae2d-5c14-9833-666bc5359b58', 'Worcester Polytechnic Institute', '2026-03-08 00:23:18.364043+00', '@wpi.edu'),
	('4a275b50-c780-596a-a9e1-d4e64b37e6bf', 'Colorado School of Mines', '2026-03-08 00:23:18.364043+00', '@mines.edu'),
	('17f01438-d883-5da6-b687-d35b749737e9', 'Stevens Institute of Technology', '2026-03-08 00:23:18.364043+00', '@stevens.edu'),
	('91271d65-7054-504a-9edd-356370faa2fa', 'Illinois Institute of Technology', '2026-03-08 00:23:18.364043+00', '@iit.edu'),
	('de5da3ec-a83a-5ac4-b3e9-d410508f4921', 'Clark University', '2026-03-08 00:23:18.364043+00', '@clarku.edu'),
	('f81e381f-7a9e-59ef-87c4-8277521c4975', 'Loyola Marymount University', '2026-03-08 00:23:18.364043+00', '@lmu.edu'),
	('b52705bc-4a09-5da0-859a-2e69630e1a73', 'Santa Clara University', '2026-03-08 00:23:18.364043+00', '@scu.edu'),
	('05340584-c550-5d17-87b7-e39d0e7fdca4', 'American University', '2026-03-08 00:23:18.364043+00', '@american.edu'),
	('016c6a4c-75e2-56e3-bedf-d938d4dc4778', 'Howard University', '2026-03-08 00:23:18.364043+00', '@howard.edu'),
	('a6a19bca-0012-5ac9-a72f-403abcbb2cc3', 'University of Delaware', '2026-03-08 00:23:18.364043+00', '@udel.edu'),
	('42e8e703-1179-50d9-adda-d11063d0cecc', 'University of Denver', '2026-03-08 00:23:18.364043+00', '@du.edu'),
	('486af5c6-c937-590f-b131-2373f4970fb5', 'Indiana University Bloomington', '2026-03-08 00:23:18.364043+00', '@indiana.edu'),
	('2ac78a79-0b74-5ff8-97c3-fa5c80aaef24', 'Michigan State University', '2026-03-08 00:23:18.364043+00', '@msu.edu'),
	('41c2fd8c-b15b-57fa-9fcf-3d5b37572fee', 'Texas A&M University', '2026-03-08 00:23:18.364043+00', '@tamu.edu'),
	('a9fb5d30-3b44-5120-805c-ade065b46191', 'Virginia Tech', '2026-03-08 00:23:18.364043+00', '@vt.edu'),
	('5b17a31b-e619-579c-8313-c24483373475', 'University of Arizona', '2026-03-08 00:23:18.364043+00', '@arizona.edu'),
	('dca945c1-fef5-541a-b7c2-d5f8354731af', 'Arizona State University', '2026-03-08 00:23:18.364043+00', '@asu.edu'),
	('67d93bfb-15a3-5517-9d93-fd48c96262c4', 'University of Colorado Boulder', '2026-03-08 00:23:18.364043+00', '@colorado.edu'),
	('2bbd40ac-60f9-5ef6-b3d8-ba98127853b4', 'University of Utah', '2026-03-08 00:23:18.364043+00', '@utah.edu'),
	('1b98b144-8c7e-5e51-8314-279507ee2a42', 'University of Iowa', '2026-03-08 00:23:18.364043+00', '@uiowa.edu'),
	('baaabb7d-0031-5386-a15a-3952097e3ed4', 'Iowa State University', '2026-03-08 00:23:18.364043+00', '@iastate.edu'),
	('7ecde606-7bc6-5745-85ed-d244b895c1bc', 'University of Kansas', '2026-03-08 00:23:18.364043+00', '@ku.edu'),
	('ec0f1252-a2e6-5548-b8ba-e390466b645d', 'Kansas State University', '2026-03-08 00:23:18.364043+00', '@ksu.edu'),
	('87da83f1-dd09-5de0-973b-2f74ba301540', 'University of Missouri', '2026-03-08 00:23:18.364043+00', '@missouri.edu'),
	('1f9cdde6-d4ff-5430-9013-4f7cdf8638c7', 'University of Nebraska–Lincoln', '2026-03-08 00:23:18.364043+00', '@unl.edu'),
	('5c698d69-c02e-54ff-8a31-f31230f310a7', 'University of Tennessee', '2026-03-08 00:23:18.364043+00', '@utk.edu'),
	('b4646146-5358-5c91-b220-51b4b6908d99', 'University of Alabama', '2026-03-08 00:23:18.364043+00', '@ua.edu'),
	('c2e14f4a-7380-53c5-9d66-ecf620359abe', 'Auburn University', '2026-03-08 00:23:18.364043+00', '@auburn.edu'),
	('2740136e-0682-5249-935c-90c574b65596', 'University of South Carolina', '2026-03-08 00:23:18.364043+00', '@sc.edu'),
	('e221802c-2fad-54b8-ac5e-986f1f27534c', 'Clemson University', '2026-03-08 00:23:18.364043+00', '@clemson.edu'),
	('cbc1a49d-f09b-597e-8e48-72145664a1d9', 'Florida State University', '2026-03-08 00:23:18.364043+00', '@fsu.edu'),
	('ebdd874a-761d-5ab4-ba5b-3ff2b19ba8f3', 'University of Central Florida', '2026-03-08 00:23:18.364043+00', '@ucf.edu'),
	('7c175e85-63e4-54ba-96f5-ec4749c6c179', 'University of South Florida', '2026-03-08 00:23:18.364043+00', '@usf.edu'),
	('d9125360-55d3-56b3-b7b2-6efa891a43f2', 'San Diego State University', '2026-03-08 00:23:18.364043+00', '@sdsu.edu'),
	('9908444c-031d-5763-a385-4e05b96d2ce3', 'California State University, Long Beach', '2026-03-08 00:23:18.364043+00', '@csulb.edu'),
	('33d9113c-9008-52b3-9090-6b3433befafe', 'Stanford', '2026-03-08 00:23:18.364043+00', '@stanford.edu');


--
-- Data for Name: users; Type: TABLE DATA; Schema: public; Owner: postgres
--

INSERT INTO "public"."users" ("id", "email", "type", "created_at", "updated_at") VALUES
	('4b7f0fce-7896-411f-9cb2-c94f5342b693', 'notjacalbr@stanford.edu', 'student', '2026-03-08 00:24:15.014891+00', '2026-03-08 00:24:15.014891+00'),
	('8f8dc7fe-e37d-415a-bd51-a92519307eea', 'ryan@ryan.com', 'recruiter', '2026-03-08 00:38:07.844602+00', '2026-03-08 00:38:07.991966+00'),
	('feeaab69-13c0-4e8d-a4bb-e4f98de1b1ba', 'ryan@stanford.edu', 'student', '2026-03-08 00:42:03.437526+00', '2026-03-08 00:42:03.437526+00'),
	('e472cc37-3a75-4590-826a-bd407301f8ea', 'bob@ryan.com', 'recruiter', '2026-03-08 01:03:44.525771+00', '2026-03-08 01:03:44.685848+00'),
	('2240c911-84a8-4d04-abe1-b747597a57e0', 'thezucc@meta.com', 'recruiter', '2026-03-08 01:08:36.574479+00', '2026-03-08 01:08:36.804449+00'),
	('4f7a5012-31da-428f-a49d-99b7497fbeb3', 'balhbalbha@meta.com', 'recruiter', '2026-03-08 01:17:00.835329+00', '2026-03-08 01:17:00.999158+00'),
	('b017cdcc-5a7c-45c4-b26d-de67319993e4', 'possiblyjacalbr@stanford.edu', 'student', '2026-03-08 01:19:49.852124+00', '2026-03-08 01:19:49.852124+00'),
	('33e64469-cd8f-4065-ba28-16bcfac88098', 'test_recruiter@fakerecruiter.com', 'recruiter', '2026-03-08 01:29:07.873151+00', '2026-03-08 01:29:08.05456+00'),
	('e3c30743-5589-4f32-bfba-e899e7ff146a', 'garbage@cmu.edu', 'student', '2026-03-09 01:32:09.280464+00', '2026-03-09 01:32:09.280464+00'),
	('b0c8d96e-cc1b-4311-aabd-81249afad4c1', 'recruiter@recruiter.com', 'recruiter', '2026-03-09 01:40:33.118055+00', '2026-03-09 01:40:33.276172+00'),
	('1033df5b-2d8f-4a2e-a4cd-d61d19d2a8aa', 'new_student@gmail.com', 'student', '2026-03-09 02:04:14.086301+00', '2026-03-09 02:04:14.086301+00'),
	('a9889f9e-8fe1-4a27-a739-2729af8daa2d', 'ryan_resume_test@gmail.com', 'student', '2026-03-09 02:05:02.444717+00', '2026-03-09 02:05:02.444717+00');


--
-- Data for Name: applicants; Type: TABLE DATA; Schema: public; Owner: postgres
--

INSERT INTO "public"."applicants" ("id", "first_name", "last_name", "email", "major", "graduation_year", "gpa", "skills", "latest_repr_path", "is_complete", "updated_at", "latest_report_path", "school_id", "school", "work_authorization", "resume_path") VALUES
	('feeaab69-13c0-4e8d-a4bb-e4f98de1b1ba', 'Ryan', 'Le', 'ryan@stanford.edu', 'Computer Science', '2026', 4.00, '{Python}', 'feeaab69-13c0-4e8d-a4bb-e4f98de1b1ba/988b8b7d-a6cb-4054-9338-31f02de02c05/transcript.json', true, '2026-03-08 01:16:41.782037+00', 'feeaab69-13c0-4e8d-a4bb-e4f98de1b1ba/988b8b7d-a6cb-4054-9338-31f02de02c05/analysis_summary.json', 'ef236e37-f3cf-52a8-948c-4cab94690678', 'Stanford University', 'US Citizen or National', NULL),
	('4f7a5012-31da-428f-a49d-99b7497fbeb3', NULL, NULL, 'balhbalbha@meta.com', NULL, NULL, NULL, '{}', NULL, false, '2026-03-08 01:17:00.835329+00', NULL, NULL, NULL, NULL, NULL),
	('8f8dc7fe-e37d-415a-bd51-a92519307eea', NULL, NULL, 'ryan@ryan.com', NULL, NULL, NULL, '{}', NULL, false, '2026-03-08 00:38:07.844602+00', NULL, NULL, NULL, NULL, NULL),
	('b017cdcc-5a7c-45c4-b26d-de67319993e4', NULL, NULL, 'possiblyjacalbr@stanford.edu', NULL, NULL, NULL, '{}', 'b017cdcc-5a7c-45c4-b26d-de67319993e4/246ef817-3506-432d-9904-9a3ecee39f1c/transcript.json', false, '2026-03-08 01:21:05.835824+00', 'b017cdcc-5a7c-45c4-b26d-de67319993e4/246ef817-3506-432d-9904-9a3ecee39f1c/analysis_summary.json', NULL, NULL, NULL, NULL),
	('33e64469-cd8f-4065-ba28-16bcfac88098', NULL, NULL, 'test_recruiter@fakerecruiter.com', NULL, NULL, NULL, '{}', NULL, false, '2026-03-08 01:29:07.873151+00', NULL, NULL, NULL, NULL, NULL),
	('4b7f0fce-7896-411f-9cb2-c94f5342b693', 'Jack', 'Albright', 'notjacalbr@stanford.edu', 'Computer Science', '2026', 4.06, '{Python}', '4b7f0fce-7896-411f-9cb2-c94f5342b693/ea54dd12-092b-4868-9bb2-d54c65fd0d36/transcript.json', true, '2026-03-08 01:03:22.550785+00', '4b7f0fce-7896-411f-9cb2-c94f5342b693/ea54dd12-092b-4868-9bb2-d54c65fd0d36/analysis_summary.json', 'ef236e37-f3cf-52a8-948c-4cab94690678', 'Stanford University', 'US Citizen or National', NULL),
	('e472cc37-3a75-4590-826a-bd407301f8ea', NULL, NULL, 'bob@ryan.com', NULL, NULL, NULL, '{}', NULL, false, '2026-03-08 01:03:44.525771+00', NULL, NULL, NULL, NULL, NULL),
	('2240c911-84a8-4d04-abe1-b747597a57e0', NULL, NULL, 'thezucc@meta.com', NULL, NULL, NULL, '{}', NULL, false, '2026-03-08 01:08:36.574479+00', NULL, NULL, NULL, NULL, NULL),
	('b0c8d96e-cc1b-4311-aabd-81249afad4c1', NULL, NULL, 'recruiter@recruiter.com', NULL, NULL, NULL, '{}', NULL, false, '2026-03-09 01:40:33.118055+00', NULL, NULL, NULL, NULL, NULL),
	('e3c30743-5589-4f32-bfba-e899e7ff146a', 'cmu', 'mahajan', 'garbage@cmu.edu', 'Computer Science', '2025', 3.40, '{TypeScript}', 'e3c30743-5589-4f32-bfba-e899e7ff146a/c467ec06-3256-4784-a28a-58ffbcef7897/transcript.json', true, '2026-03-09 01:43:07.561563+00', 'e3c30743-5589-4f32-bfba-e899e7ff146a/c467ec06-3256-4784-a28a-58ffbcef7897/analysis_summary.json', '00c17bba-5f9f-581e-9817-aaea88d767f1', 'Carnegie Mellon University', 'US Citizen or National', 'e3c30743-5589-4f32-bfba-e899e7ff146a/resumes/1773020376.pdf'),
	('1033df5b-2d8f-4a2e-a4cd-d61d19d2a8aa', NULL, NULL, 'new_student@gmail.com', NULL, NULL, NULL, '{}', NULL, false, '2026-03-09 02:04:14.086301+00', NULL, NULL, NULL, NULL, NULL),
	('a9889f9e-8fe1-4a27-a739-2729af8daa2d', NULL, NULL, 'ryan_resume_test@gmail.com', NULL, NULL, NULL, '{}', NULL, false, '2026-03-09 02:05:02.444717+00', NULL, NULL, NULL, NULL, NULL);


--
-- Data for Name: applicants_detail; Type: TABLE DATA; Schema: public; Owner: postgres
--

INSERT INTO "public"."applicants_detail" ("id", "transcript_raw", "transcript_stats", "transcript_analysis", "resume_raw", "resume_analysis", "updated_at") VALUES
	('feeaab69-13c0-4e8d-a4bb-e4f98de1b1ba', '{"notes": ["First Graduate Quarter: 2024-2025 Winter", "Coterminal Undergraduate, 09/25/2023 -", "Masters Program Proposal - Plan: CS-MS"], "terms": [{"name": "2022-2023 Autumn", "year": "2022-2023", "level": "undergraduate", "season": "Autumn", "courses": [{"grade": "A-", "notes": [], "title": "PROGRAMMING ABSTRACTIONS", "number": "106B", "component": "LEC", "department": "CS", "instructors": ["Cynthia Bailey", "Julie Zelenski"], "grade_points": null, "units_earned": 5.0, "units_attempted": 5.0}, {"grade": "A", "notes": [], "title": "WHAT CAN YOU DO FOR YOUR COUNTRY?", "number": "17", "component": "SEM", "department": "ESF", "instructors": ["Russell Berman"], "grade_points": null, "units_earned": 7.0, "units_attempted": 7.0}, {"grade": "B", "notes": [], "title": "LINEAR ALGEBRA, MULTIVARIABLE CALCULUS, AND MODERN APPLICATIONS", "number": "51", "component": "LEC", "department": "MATH", "instructors": ["Andrew Hardt"], "grade_points": null, "units_earned": 5.0, "units_attempted": 5.0}], "statistics": {"term_gpa": 3.617, "units_earned": 17.0, "cumulative_gpa": 3.617, "units_attempted": 17.0, "cumulative_units_earned": 17.0, "cumulative_units_attempted": 17.0}}, {"name": "2022-2023 Winter", "year": "2022-2023", "level": "undergraduate", "season": "Winter", "courses": [{"grade": "A", "notes": [], "title": "CHEMISTRY IN THE KITCHEN", "number": "29N", "component": "ISF", "department": "CHEM", "instructors": ["Richard Zare"], "grade_points": null, "units_earned": 3.0, "units_attempted": 3.0}, {"grade": "A", "notes": [], "title": "CITIZENSHIP IN THE 21ST CENTURY", "number": "102", "component": "SEM", "department": "COLLEGE", "instructors": ["Jonathan Tang"], "grade_points": null, "units_earned": 3.0, "units_attempted": 3.0}, {"grade": "A+", "notes": [], "title": "MINDS AND MACHINES", "number": "24", "component": "LEC", "department": "CS", "instructors": ["Bonnie Krejci", "Noah Goodman"], "grade_points": null, "units_earned": 4.0, "units_attempted": 4.0}, {"grade": "A", "notes": [], "title": "MATHEMATICAL FOUNDATIONS OF COMPUTING", "number": "103", "component": "LEC", "department": "CS", "instructors": ["Cynthia Bailey"], "grade_points": null, "units_earned": 5.0, "units_attempted": 5.0}, {"grade": "B+", "notes": [], "title": "PRINCIPLES OF DATA SCIENCE", "number": "112", "component": "LEC", "department": "STATS", "instructors": ["Dennis Sun"], "grade_points": null, "units_earned": 5.0, "units_attempted": 5.0}], "statistics": {"term_gpa": 3.885, "units_earned": 20.0, "cumulative_gpa": 3.762, "units_attempted": 20.0, "cumulative_units_earned": 37.0, "cumulative_units_attempted": 37.0}}, {"name": "2022-2023 Spring", "year": "2022-2023", "level": "undergraduate", "season": "Spring", "courses": [{"grade": "S", "notes": [], "title": "HAP.PY CODE: THE PYTHON PROGRAMMING LANGUAGE", "number": "41", "component": "LEC", "department": "CS", "instructors": ["Jerry Cain"], "grade_points": null, "units_earned": 2.0, "units_attempted": 2.0}, {"grade": "A", "notes": [], "title": "INTRODUCTION TO PROBABILITY FOR COMPUTER SCIENTISTS", "number": "109", "component": "LEC", "department": "CS", "instructors": ["David Kewei Lin", "Jacob Mejia", "Jerry Cain", "Joel Ramirez", "Kathleen Cheng", "Matthew Harvill", "Naomi Eigbe", "Selwin George", "Varun Tandon", "Will Song", "Yonatan Oren"], "grade_points": null, "units_earned": 5.0, "units_attempted": 5.0}, {"grade": "B+", "notes": [], "title": "DESIGN AND ANALYSIS OF ALGORITHMS", "number": "161", "component": "LEC", "department": "CS", "instructors": ["Mary Wootters"], "grade_points": null, "units_earned": 5.0, "units_attempted": 5.0}, {"grade": "A", "notes": [], "title": "JAPANESE COMPANIES AND JAPANESE SOCIETY", "number": "159Q", "component": "ISS", "department": "MATSCI", "instructors": ["Robert Sinclair"], "grade_points": null, "units_earned": 3.0, "units_attempted": 3.0}, {"grade": "A+", "notes": [], "title": "HUMAN ANATOMY (ONLINE)", "number": "51", "component": "LEC", "department": "PATH", "instructors": ["Darren Salmi"], "grade_points": null, "units_earned": 4.0, "units_attempted": 4.0}], "statistics": {"term_gpa": 3.864, "units_earned": 19.0, "cumulative_gpa": 3.794, "units_attempted": 19.0, "cumulative_units_earned": 56.0, "cumulative_units_attempted": 56.0}}, {"name": "2023-2024 Autumn", "year": "2023-2024", "level": "undergraduate", "season": "Autumn", "courses": [{"grade": "A", "notes": [], "title": "COMPUTER ORGANIZATION AND SYSTEMS", "number": "107", "component": "LEC", "department": "CS", "instructors": ["Jerry Cain"], "grade_points": null, "units_earned": 5.0, "units_attempted": 5.0}, {"grade": "A", "notes": [], "title": "INTRODUCTION TO COMPUTER GRAPHICS AND IMAGING", "number": "148", "component": "LEC", "department": "CS", "instructors": ["Ron Fedkiw"], "grade_points": null, "units_earned": 4.0, "units_attempted": 4.0}, {"grade": "A-", "notes": [], "title": "MECHANICS AND FLUIDS", "number": "21", "component": "LEC", "department": "PHYSICS", "instructors": ["Chaya Nanavati", "Peter Michelson"], "grade_points": null, "units_earned": 4.0, "units_attempted": 4.0}, {"grade": "A", "notes": [], "title": "FIRST-YEAR VIETNAMESE, FIRST QUARTER", "number": "150A", "component": "LNG", "department": "SPECLANG", "instructors": ["Bac Tran"], "grade_points": null, "units_earned": 5.0, "units_attempted": 5.0}], "statistics": {"term_gpa": 3.933, "units_earned": 18.0, "cumulative_gpa": 3.829, "units_attempted": 18.0, "cumulative_units_earned": 74.0, "cumulative_units_attempted": 74.0}}, {"name": "2023-2024 Winter", "year": "2023-2024", "level": "undergraduate", "season": "Winter", "courses": [{"grade": "A-", "notes": [], "title": "OPERATING SYSTEMS PRINCIPLES", "number": "111", "component": "LEC", "department": "CS", "instructors": ["Nick Troccoli"], "grade_points": null, "units_earned": 5.0, "units_attempted": 5.0}, {"grade": "A+", "notes": [], "title": "HEALTH CARE LEADERSHIP", "number": "127", "component": "LEC", "department": "EMED", "instructors": ["Milana Trounce"], "grade_points": null, "units_earned": 5.0, "units_attempted": 5.0}, {"grade": "A-", "notes": [], "title": "ELECTRICITY, MAGNETISM, AND OPTICS", "number": "23", "component": "LEC", "department": "PHYSICS", "instructors": ["Monika Schleier-Smith"], "grade_points": null, "units_earned": 4.0, "units_attempted": 4.0}, {"grade": "A", "notes": [], "title": "FIRST-YEAR VIETNAMESE, SECOND QUARTER", "number": "150B", "component": "LNG", "department": "SPECLANG", "instructors": ["Bac Tran"], "grade_points": null, "units_earned": 5.0, "units_attempted": 5.0}], "statistics": {"term_gpa": 3.936, "units_earned": 19.0, "cumulative_gpa": 3.851, "units_attempted": 19.0, "cumulative_units_earned": 93.0, "cumulative_units_attempted": 93.0}}, {"name": "2023-2024 Spring", "year": "2023-2024", "level": "undergraduate", "season": "Spring", "courses": [{"grade": "A", "notes": [], "title": "COMPILERS", "number": "143", "component": "LEC", "department": "CS", "instructors": ["Fredrik Kjoelstad"], "grade_points": null, "units_earned": 4.0, "units_attempted": 4.0}, {"grade": "S", "notes": [], "title": "TEACHING COMPUTER SCIENCE", "number": "198", "component": "LEC", "department": "CS", "instructors": ["Christopher Gregg", "Diego Ahmad-Stein", "Emily Park", "Monica Hicks"], "grade_points": null, "units_earned": 3.0, "units_attempted": 3.0}, {"grade": "A+", "notes": [], "title": "ACCOUNTING FOR MANAGERS AND ENTREPRENEURS", "number": "240", "component": "LEC", "department": "MS&E", "instructors": ["John Lord"], "grade_points": null, "units_earned": 3.0, "units_attempted": 3.0}, {"grade": "A", "notes": [], "title": "WRITING AND RHETORIC 2: PRETTY SERIOUS: UNDERSTANDING THE RHETORIC OF HUMOR", "number": "2EH", "component": "SEM", "department": "PWR", "instructors": ["Elizabeth Hille"], "grade_points": null, "units_earned": 4.0, "units_attempted": 4.0}, {"grade": "A", "notes": [], "title": "FIRST-YEAR VIETNAMESE, THIRD QUARTER", "number": "150C", "component": "LNG", "department": "SPECLANG", "instructors": ["Bac Tran"], "grade_points": null, "units_earned": 5.0, "units_attempted": 5.0}], "statistics": {"term_gpa": 4.056, "units_earned": 19.0, "cumulative_gpa": 3.882, "units_attempted": 19.0, "cumulative_units_earned": 112.0, "cumulative_units_attempted": 112.0}}, {"name": "2024-2025 Autumn", "year": "2024-2025", "level": "undergraduate", "season": "Autumn", "courses": [{"grade": "A", "notes": [], "title": "VIRTUAL PEOPLE", "number": "166", "component": "LEC", "department": "COMM", "instructors": ["Jeremy Bailenson"], "grade_points": null, "units_earned": 5.0, "units_attempted": 5.0}, {"grade": "A-", "notes": [], "title": "ARTIFICIAL INTELLIGENCE: PRINCIPLES AND TECHNIQUES", "number": "221", "component": "LEC", "department": "CS", "instructors": ["Dorsa Sadigh", "Nima Anari"], "grade_points": null, "units_earned": 4.0, "units_attempted": 4.0}, {"grade": "A", "notes": [], "title": "INTRODUCTION TO EARTH SYSTEMS", "number": "10", "component": "LEC", "department": "EARTHSYS", "instructors": ["Kevin Arrigo", "Richard Nevle"], "grade_points": null, "units_earned": 4.0, "units_attempted": 4.0}, {"grade": "CR", "notes": [], "title": "APPLIED MATRIX THEORY", "number": "104", "component": "LEC", "department": "MATH", "instructors": ["Emmanuel Candes"], "grade_points": null, "units_earned": 4.0, "units_attempted": 4.0}], "statistics": {"term_gpa": 3.907, "units_earned": 17.0, "cumulative_gpa": 3.885, "units_attempted": 17.0, "cumulative_units_earned": 129.0, "cumulative_units_attempted": 129.0}}, {"name": "2024-2025 Winter", "year": "2024-2025", "level": "undergraduate", "season": "Winter", "courses": [{"grade": "A+", "notes": [], "title": "BIOSECURITY AND PANDEMIC RESILIENCE", "number": "122", "component": "LEC", "department": "BIOE", "instructors": ["Milana Trounce"], "grade_points": null, "units_earned": 4.0, "units_attempted": 4.0}, {"grade": "A", "notes": [], "title": "OPERATING SYSTEMS DESIGN AND IMPLEMENTATION", "number": "140E", "component": "LEC", "department": "CS", "instructors": ["Dawson, Engler"], "grade_points": null, "units_earned": 4.0, "units_attempted": 4.0}, {"grade": "CR", "notes": [], "title": "INTRODUCTION TO COMPUTER NETWORKING", "number": "144", "component": "LEC", "department": "CS", "instructors": ["Keith Winstein"], "grade_points": null, "units_earned": 4.0, "units_attempted": 4.0}, {"grade": "A", "notes": [], "title": "SUPERVISED UNDERGRADUATE RESEARCH", "number": "195", "component": "INS", "department": "CS", "instructors": ["Alex Aiken"], "grade_points": null, "units_earned": 4.0, "units_attempted": 4.0}, {"grade": "A+", "notes": [], "title": "HEALTH CARE LEADERSHIP", "number": "127", "component": "LEC", "department": "EMED", "instructors": ["Milana Trounce"], "grade_points": null, "units_earned": 4.0, "units_attempted": 4.0}], "statistics": {"term_gpa": 4.15, "units_earned": 20.0, "cumulative_gpa": 3.916, "units_attempted": 20.0, "cumulative_units_earned": 149.0, "cumulative_units_attempted": 149.0}}, {"name": "2024-2025 Spring", "year": "2024-2025", "level": "undergraduate", "season": "Spring", "courses": [{"grade": "A-", "notes": [], "title": "TRUST AND SAFETY", "number": "152", "component": "LEC", "department": "CS", "instructors": ["Alex Stamos", "Jeffrey Hancock", "Shelby Grossman"], "grade_points": null, "units_earned": 3.0, "units_attempted": 3.0}, {"grade": "A", "notes": [], "title": "INDEPENDENT WORK", "number": "199", "component": "INS", "department": "CS", "instructors": ["Alex Aiken"], "grade_points": null, "units_earned": 4.0, "units_attempted": 4.0}, {"grade": "A", "notes": [], "title": "DOMAIN-SPECIFIC LANGUAGE DESIGN STUDIO", "number": "343S", "component": "LEC", "department": "CS", "instructors": ["Alex Ozdemir", "Alexander Root", "Evan Laufer", "Matthew Sotoudeh"], "grade_points": null, "units_earned": 3.0, "units_attempted": 3.0}, {"grade": "A", "notes": [], "title": "CREATIVE NONFICTION", "number": "91", "component": "WKS", "department": "ENGLISH", "instructors": ["Hieu Nguyen"], "grade_points": null, "units_earned": 5.0, "units_attempted": 5.0}, {"grade": "A", "notes": [], "title": "INFORMATION SCIENCE AND ENGINEERING", "number": "76", "component": "LEC", "department": "ENGR", "instructors": ["Ayfer Ozgur"], "grade_points": null, "units_earned": 5.0, "units_attempted": 5.0}], "statistics": {"term_gpa": 3.955, "units_earned": 20.0, "cumulative_gpa": 3.921, "units_attempted": 20.0, "cumulative_units_earned": 169.0, "cumulative_units_attempted": 169.0}}], "student": {"name": "Le,Ryan Minh-Tri", "additional": {}, "student_id": "06654135"}, "programs": [{"name": "Computer Science", "level": "graduate", "notes": [], "degree": "MS", "status": "active", "advisor": "Goel,Ashish", "end_date": null, "subplans": [], "start_date": "09/26/2023"}, {"name": "Computer Science", "level": "undergraduate", "notes": [], "degree": "BS", "status": "active", "advisor": "Goel,Ashish", "end_date": null, "subplans": ["Systems"], "start_date": "05/22/2024"}], "institution": {"name": "Leland Stanford Jr. University", "location": "Stanford, CA 94305 USA", "print_date": "06/18/2025", "transcript_type": "Undergraduate Unofficial"}, "career_totals": {"graduate": null, "undergraduate": {"gpa": 3.921, "units_earned": 169.0, "units_attempted": 169.0, "institution_units": 169.0, "units_toward_degree": 184.0}}, "source_format": "university_unofficial", "schema_version": "1.0", "standardized_at": "2026-03-08T01:16:04.453698+00:00", "transfer_credits": [{"units": 5.0, "source": "Advanced Placement", "applied_to": "Undergraduate Matriculated Program", "equivalency": "Computer Science Principles"}, {"units": 10.0, "source": "Advanced Placement", "applied_to": "Undergraduate Matriculated Program", "equivalency": "Mathematics: Calculus BC"}]}', '{"major_scores": {"heuristic_note": "Major identified as ''CS'' based on highest course frequency.", "weighted_percentile": null, "unweighted_percentile": null}, "universal_scores": {"weighted_gpa": 3.921, "weighted_percentile": null, "unweighted_percentile": null}, "common_departments": {"CS": 18, "MATH": 2, "SPECLANG": 3}}', '{"categories": {"execution": {"score": 9.0, "justification": "Consistently high term GPAs, no failing grades, successful completion of a supervised research project (A), and steady progress through a coterminal program show reliability, attention to detail, and strong follow‑through."}, "collaboration": {"score": 8.5, "justification": "Multiple team‑oriented courses (Teaching CS, Health Care Leadership, independent work under supervision) and group projects earned high marks, indicating effective teamwork and interdisciplinary collaboration."}, "communication": {"score": 8.0, "justification": "Excellent grades in writing-intensive courses (Writing and Rhetoric 2, Creative Nonfiction) and a satisfactory teaching internship reflect clear written and verbal communication abilities."}, "problem_solving": {"score": 7.5, "justification": "Strong performance in most CS courses, but a B+ in algorithms and a B in advanced math indicate room for improvement in abstract problem solving and handling complex theoretical challenges."}, "technical_domain_skill": {"score": 8.5, "justification": "High grades (A/A‑) in systems, compilers, AI, graphics, and operating systems demonstrate strong technical proficiency. Minor lower grades in algorithms and linear algebra slightly temper the score."}}, "topic_rating": {"program_performance": "Ryan has demonstrated consistently strong performance throughout the Computer Science curriculum, maintaining a cumulative undergraduate GPA of 3.92. Core CS courses such as Programming Abstractions, Computer Organization, Operating Systems, Compilers, Artificial Intelligence, and advanced systems courses were earned with A‑ or A‑minus grades, indicating solid mastery of both theoretical and practical aspects of the discipline. The only notable dips are a B in Linear Algebra/Multivariable Calculus and a B+ in Design and Analysis of Algorithms, suggesting a modest gap in deep mathematical rigor and algorithmic analysis. Overall, Ryan’s transcript reflects a high level of competence and readiness for advanced graduate work in CS, especially in systems and software engineering domains."}, "class_anti_skills": [{"class": "CS 161 – DESIGN AND ANALYSIS OF ALGORITHMS", "reason": "Earned a B+, the lowest grade among core CS courses, indicating a relative weakness in rigorous algorithm design and analysis.", "skills": ["Algorithmic analysis", "Advanced problem solving"]}, {"class": "MATH 51 – LINEAR ALGEBRA, MULTIVARIABLE CALCULUS, AND MODERN APPLICATIONS", "reason": "Received a B, suggesting a modest shortfall in the mathematical foundations that support many advanced CS topics.", "skills": ["Mathematical modeling", "Linear algebra foundations"]}]}', NULL, NULL, '2026-03-08 01:16:42.012167+00'),
	('b017cdcc-5a7c-45c4-b26d-de67319993e4', '{"notes": ["Coterminal Undergraduate, 09/25/2023 -", "Masters Program Proposal - Plan: CS-MS Completed - 12/15/2025"], "terms": [{"name": "2022-2023 Autumn", "year": "2022-2023", "level": "undergraduate", "season": "Autumn", "courses": [{"grade": "A", "notes": [], "title": "WHY COLLEGE? YOUR EDUCATION AND THE GOOD LIFE", "number": "101", "component": "SEM", "department": "COLLEGE", "instructors": ["Alison Laurence"], "grade_points": null, "units_earned": 3.0, "units_attempted": 3.0}, {"grade": "A", "notes": [], "title": "PROGRAMMING ABSTRACTIONS", "number": "106B", "component": "LEC", "department": "CS", "instructors": ["Cynthia Bailey", "Julie Zelenski"], "grade_points": null, "units_earned": 5.0, "units_attempted": 5.0}, {"grade": "A+", "notes": [], "title": "INTRODUCTION TO PROBABILITY FOR COMPUTER SCIENTISTS", "number": "109", "component": "LEC", "department": "CS", "instructors": ["Chris Piech"], "grade_points": null, "units_earned": 5.0, "units_attempted": 5.0}], "statistics": {"term_gpa": 4.115, "units_earned": 13.0, "cumulative_gpa": 4.115, "units_attempted": 13.0, "cumulative_units_earned": 13.0, "cumulative_units_attempted": 13.0}}, {"name": "2022-2023 Winter", "year": "2022-2023", "level": "undergraduate", "season": "Winter", "courses": [{"grade": "S", "notes": [], "title": "TRANSFORMERS UNITED V2", "number": "25", "component": "ACT", "department": "CS", "instructors": ["Div Garg", "Rylan Schaeffer", "Steven Feng"], "grade_points": null, "units_earned": 1.0, "units_attempted": 1.0}, {"grade": "A", "notes": [], "title": "COMPUTER ORGANIZATION AND SYSTEMS", "number": "107", "component": "LEC", "department": "CS", "instructors": [], "grade_points": null, "units_earned": 5.0, "units_attempted": 5.0}, {"grade": "A-", "notes": [], "title": "NATURAL LANGUAGE PROCESSING WITH DEEP LEARNING", "number": "224N", "component": "LEC", "department": "CS", "instructors": ["Christopher Manning"], "grade_points": null, "units_earned": 4.0, "units_attempted": 4.0}, {"grade": "A+", "notes": [], "title": "APPLIED MATRIX THEORY", "number": "104", "component": "LEC", "department": "MATH", "instructors": ["Emmanuel Candes"], "grade_points": null, "units_earned": 4.0, "units_attempted": 4.0}, {"grade": "A", "notes": [], "title": "WRITING & RHETORIC 1: SEISMIC SHIFTS: THE RHETORIC OF DISRUPTION", "number": "1TSD", "component": "SEM", "department": "PWR", "instructors": ["Tesla Schaeffer"], "grade_points": null, "units_earned": 4.0, "units_attempted": 4.0}], "statistics": {"term_gpa": 4.0, "units_earned": 18.0, "cumulative_gpa": 4.05, "units_attempted": 18.0, "cumulative_units_earned": 31.0, "cumulative_units_attempted": 31.0}}, {"name": "2022-2023 Spring", "year": "2022-2023", "level": "undergraduate", "season": "Spring", "courses": [{"grade": "A", "notes": [], "title": "THE SPIRIT OF DEMOCRACY", "number": "110", "component": "DIS", "department": "COLLEGE", "instructors": ["Nate Grubman"], "grade_points": null, "units_earned": 4.0, "units_attempted": 4.0}, {"grade": "A+", "notes": [], "title": "MATHEMATICAL FOUNDATIONS OF COMPUTING", "number": "103", "component": "LEC", "department": "CS", "instructors": ["Alex Aiken", "Cynthia Bailey", "Jennie Chung", "Lori Liu", "Ophir Horovitz", "Reva Agashe", "Tracy Chang"], "grade_points": null, "units_earned": 5.0, "units_attempted": 5.0}, {"grade": "A+", "notes": [], "title": "DESIGN AND ANALYSIS OF ALGORITHMS", "number": "161", "component": "LEC", "department": "CS", "instructors": ["Mary Wootters"], "grade_points": null, "units_earned": 5.0, "units_attempted": 5.0}, {"grade": "A+", "notes": [], "title": "LINEAR ALGEBRA, MULTIVARIABLE CALCULUS, AND MODERN APPLICATIONS", "number": "51", "component": "LEC", "department": "MATH", "instructors": ["Mark Lucianovic"], "grade_points": null, "units_earned": 5.0, "units_attempted": 5.0}], "statistics": {"term_gpa": 4.236, "units_earned": 19.0, "cumulative_gpa": 4.122, "units_attempted": 19.0, "cumulative_units_earned": 50.0, "cumulative_units_attempted": 50.0}}, {"name": "2023-2024 Autumn", "year": "2023-2024", "level": "undergraduate", "season": "Autumn", "courses": [{"grade": "A", "notes": [], "title": "OPERATING SYSTEMS PRINCIPLES", "number": "111", "component": "LEC", "department": "CS", "instructors": ["Nick Troccoli"], "grade_points": null, "units_earned": 5.0, "units_attempted": 5.0}, {"grade": "A", "notes": [], "title": "INTRODUCTION TO LINEAR DYNAMICAL SYSTEMS", "number": "263", "component": "LEC", "department": "EE", "instructors": ["Sanjay Lall"], "grade_points": null, "units_earned": 3.0, "units_attempted": 3.0}, {"grade": "B-", "notes": [], "title": "DISCRETE PROBABILISTIC METHODS", "number": "159", "component": "LEC", "department": "MATH", "instructors": ["Jacopo Borga"], "grade_points": null, "units_earned": 4.0, "units_attempted": 4.0}, {"grade": "A", "notes": [], "title": "FUNDAMENTAL CONCEPTS OF ANALYSIS", "number": "171", "component": "LEC", "department": "MATH", "instructors": ["Cole Hugelmeyer"], "grade_points": null, "units_earned": 4.0, "units_attempted": 4.0}], "statistics": {"term_gpa": 3.675, "units_earned": 16.0, "cumulative_gpa": 4.012, "units_attempted": 16.0, "cumulative_units_earned": 66.0, "cumulative_units_attempted": 66.0}}, {"name": "2023-2024 Winter", "year": "2023-2024", "level": "undergraduate", "season": "Winter", "courses": [{"grade": "A", "notes": [], "title": "ELEMENTARY FUNCTIONAL ANALYSIS", "number": "175", "component": "LEC", "department": "MATH", "instructors": ["Eugenia Malinnikova"], "grade_points": null, "units_earned": 4.0, "units_attempted": 4.0}, {"grade": "A", "notes": [], "title": "INTRODUCTION TO GAME THEORY", "number": "232", "component": "LEC", "department": "MS&E", "instructors": ["Ramesh Johari"], "grade_points": null, "units_earned": 3.0, "units_attempted": 3.0}, {"grade": "A+", "notes": [], "title": "INTRODUCTION TO STATISTICAL INFERENCE", "number": "200", "component": "LEC", "department": "STATS", "instructors": ["Iain Johnstone"], "grade_points": null, "units_earned": 4.0, "units_attempted": 4.0}, {"grade": "A", "notes": [], "title": "INTRODUCTION TO SCIENCE, TECHNOLOGY & SOCIETY", "number": "1", "component": "LEC", "department": "STS", "instructors": ["Nicole Martinez", "Thomas Mullaney"], "grade_points": null, "units_earned": 4.0, "units_attempted": 4.0}], "statistics": {"term_gpa": 4.08, "units_earned": 15.0, "cumulative_gpa": 4.025, "units_attempted": 15.0, "cumulative_units_earned": 81.0, "cumulative_units_attempted": 81.0}}, {"name": "2023-2024 Spring", "year": "2023-2024", "level": "undergraduate", "season": "Spring", "courses": [{"grade": "A+", "notes": [], "title": "ARTIFICIAL INTELLIGENCE: PRINCIPLES AND TECHNIQUES", "number": "221", "component": "LEC", "department": "CS", "instructors": ["Moses Charikar", "Nima Anari", "Sanmi Koyejo"], "grade_points": null, "units_earned": 4.0, "units_attempted": 4.0}, {"grade": "A+", "notes": [], "title": "DIFFERENTIAL EQUATIONS WITH LINEAR ALGEBRA, FOURIER METHODS, AND MODERN APPLICATIONS", "number": "53", "component": "LEC", "department": "MATH", "instructors": ["Lernik Asserian"], "grade_points": null, "units_earned": 5.0, "units_attempted": 5.0}, {"grade": "A", "notes": [], "title": "WRITING & RHETORIC 2: THE RHETORIC OF FILM CRITICISM", "number": "2AG", "component": "SEM", "department": "PWR", "instructors": ["Alexander Greenhough"], "grade_points": null, "units_earned": 4.0, "units_attempted": 4.0}], "statistics": {"term_gpa": 4.207, "units_earned": 13.0, "cumulative_gpa": 4.05, "units_attempted": 13.0, "cumulative_units_earned": 94.0, "cumulative_units_attempted": 94.0}}, {"name": "2024-2025 Autumn", "year": "2024-2025", "level": "undergraduate", "season": "Autumn", "courses": [{"grade": "A-", "notes": [], "title": "SYSTEMS FOR MACHINE LEARNING", "number": "229S", "component": "LEC", "department": "CS", "instructors": ["Azalia Mirhoseini"], "grade_points": null, "units_earned": 3.0, "units_attempted": 3.0}, {"grade": "A", "notes": [], "title": "INTRODUCTION TO EARTH SYSTEMS", "number": "10", "component": "LEC", "department": "EARTHSYS", "instructors": ["Kevin Arrigo", "Richard Nevle"], "grade_points": null, "units_earned": 4.0, "units_attempted": 4.0}, {"grade": "A", "notes": [], "title": "LEBESGUE INTEGRATION AND FOURIER ANALYSIS", "number": "172", "component": "LEC", "department": "MATH", "instructors": ["Greg Parker"], "grade_points": null, "units_earned": 4.0, "units_attempted": 4.0}, {"grade": "S", "notes": [], "title": "GOLF: BEGINNING", "number": "33", "component": "ACT", "department": "PHYSWELL", "instructors": ["Erick Schlimmer"], "grade_points": null, "units_earned": 1.0, "units_attempted": 1.0}], "statistics": {"term_gpa": 3.918, "units_earned": 12.0, "cumulative_gpa": 4.036, "units_attempted": 12.0, "cumulative_units_earned": 106.0, "cumulative_units_attempted": 106.0}}, {"name": "2024-2025 Winter", "year": "2024-2025", "level": "undergraduate", "season": "Winter", "courses": [{"grade": "A", "notes": [], "title": "MACHINE LEARNING", "number": "229", "component": "LEC", "department": "CS", "instructors": ["Ludwig Schmidt", "Sanmi Koyejo"], "grade_points": null, "units_earned": 4.0, "units_attempted": 4.0}, {"grade": "A", "notes": [], "title": "MINING MASSIVE DATA SETS", "number": "246", "component": "LEC", "department": "CS", "instructors": ["Jure Leskovec"], "grade_points": null, "units_earned": 4.0, "units_attempted": 4.0}, {"grade": "S", "notes": [], "title": "SOCIAL DANCE I", "number": "46", "component": "ACT", "department": "DANCE", "instructors": ["Richard Powers"], "grade_points": null, "units_earned": 1.0, "units_attempted": 1.0}, {"grade": "A+", "notes": [], "title": "ELECTRICITY AND MAGNETISM", "number": "43", "component": "LEC", "department": "PHYSICS", "instructors": ["Young Lee"], "grade_points": null, "units_earned": 4.0, "units_attempted": 4.0}, {"grade": "S", "notes": [], "title": "GOLF: ADVANCED BEGINNING", "number": "34", "component": "ACT", "department": "PHYSWELL", "instructors": ["Erick Schlimmer"], "grade_points": null, "units_earned": 1.0, "units_attempted": 1.0}], "statistics": {"term_gpa": 4.1, "units_earned": 14.0, "cumulative_gpa": 4.043, "units_attempted": 14.0, "cumulative_units_earned": 120.0, "cumulative_units_attempted": 120.0}}, {"name": "2024-2025 Spring", "year": "2024-2025", "level": "undergraduate", "season": "Spring", "courses": [{"grade": "A", "notes": [], "title": "DEEP REINFORCEMENT LEARNING", "number": "224R", "component": "LEC", "department": "CS", "instructors": ["Chelsea Finn"], "grade_points": null, "units_earned": 3.0, "units_attempted": 3.0}, {"grade": "A", "notes": [], "title": "INTRODUCTION TO FINANCIAL DECISION-MAKING", "number": "43", "component": "LEC", "department": "ECON", "instructors": ["Michael Boskin"], "grade_points": null, "units_earned": 5.0, "units_attempted": 5.0}, {"grade": "A+", "notes": [], "title": "INFORMATION SCIENCE AND ENGINEERING", "number": "76", "component": "LEC", "department": "ENGR", "instructors": ["Ayfer Ozgur"], "grade_points": null, "units_earned": 5.0, "units_attempted": 5.0}, {"grade": "A+", "notes": [], "title": "INTEGRAL CALCULUS OF SEVERAL VARIABLES", "number": "52", "component": "LEC", "department": "MATH", "instructors": ["Athulya Ram Sreedharan Nair"], "grade_points": null, "units_earned": 5.0, "units_attempted": 5.0}], "statistics": {"term_gpa": 4.166, "units_earned": 18.0, "cumulative_gpa": 4.059, "units_attempted": 18.0, "cumulative_units_earned": 138.0, "cumulative_units_attempted": 138.0}}, {"name": "2025-2026 Autumn", "year": "2025-2026", "level": "undergraduate", "season": "Autumn", "courses": [{"grade": "A", "notes": [], "title": "DECISION MAKING UNDER UNCERTAINTY", "number": "238", "component": "LEC", "department": "CS", "instructors": ["Mykel Kochenderfer"], "grade_points": null, "units_earned": 4.0, "units_attempted": 4.0}, {"grade": "S", "notes": [], "title": "SOCIAL DANCE I", "number": "46", "component": "ACT", "department": "DANCE", "instructors": ["Richard Powers"], "grade_points": null, "units_earned": 1.0, "units_attempted": 1.0}, {"grade": "CR", "notes": [], "title": "FIRST-YEAR FILIPINO, FIRST QUARTER", "number": "1", "component": "LNG", "department": "FILILANG", "instructors": ["Cynthia Agnes Aban"], "grade_points": null, "units_earned": 4.0, "units_attempted": 4.0}, {"grade": "A+", "notes": [], "title": "STOCHASTIC PROCESSES", "number": "136", "component": "LEC", "department": "MATH", "instructors": ["Theo McKenzie"], "grade_points": null, "units_earned": 4.0, "units_attempted": 4.0}, {"grade": "CR", "notes": [], "title": "INVESTMENT SCIENCE", "number": "245A", "component": "LEC", "department": "MS&E", "instructors": ["Markus Pelger"], "grade_points": null, "units_earned": 4.0, "units_attempted": 4.0}, {"grade": "S", "notes": [], "title": "GOLF: INTERMEDIATE", "number": "35", "component": "ACT", "department": "PHYSWELL", "instructors": ["Erick Schlimmer"], "grade_points": null, "units_earned": 1.0, "units_attempted": 1.0}], "statistics": {"term_gpa": 4.15, "units_earned": 18.0, "cumulative_gpa": 4.064, "units_attempted": 18.0, "cumulative_units_earned": 156.0, "cumulative_units_attempted": 156.0}}, {"name": "2025-2026 Winter", "year": "2025-2026", "level": "undergraduate", "season": "Winter", "courses": [{"grade": null, "notes": [], "title": "SOFTWARE PROJECT (WIM)", "number": "194W", "component": "LEC", "department": "CS", "instructors": ["Jay Borenstein"], "grade_points": null, "units_earned": 0.0, "units_attempted": 3.0}, {"grade": null, "notes": [], "title": "CREATIVITY & CULTURE IN THE AGE OF AI", "number": "106A", "component": "LEC", "department": "ENGLISH", "instructors": ["Michele Elam"], "grade_points": null, "units_earned": 0.0, "units_attempted": 3.0}, {"grade": null, "notes": [], "title": "FIRST-YEAR FILIPINO, SECOND QUARTER", "number": "2", "component": "LNG", "department": "FILILANG", "instructors": ["Cynthia Agnes Aban"], "grade_points": null, "units_earned": 0.0, "units_attempted": 4.0}, {"grade": null, "notes": [], "title": "ETHICS OF TRUTH IN A POST-TRUTH WORLD", "number": "103F", "component": "SEM", "department": "PUBLPOL", "instructors": ["Susan Liautaud"], "grade_points": null, "units_earned": 0.0, "units_attempted": 3.0}], "statistics": {"term_gpa": 0.0, "units_earned": 0.0, "cumulative_gpa": 4.064, "units_attempted": 13.0, "cumulative_units_earned": 156.0, "cumulative_units_attempted": 169.0}}, {"name": "2025-2026 Spring", "year": "2025-2026", "level": "undergraduate", "season": "Spring", "courses": [{"grade": null, "notes": [], "title": "PROBABILITY AND STATISTICAL INFERENCE", "number": "278", "component": "LEC", "department": "EE", "instructors": ["Tsachy Weissman"], "grade_points": null, "units_earned": 0.0, "units_attempted": 3.0}, {"grade": null, "notes": [], "title": "FIRST-YEAR FILIPINO, THIRD QUARTER", "number": "3", "component": "LNG", "department": "FILILANG", "instructors": ["Cynthia Agnes Aban"], "grade_points": null, "units_earned": 0.0, "units_attempted": 4.0}, {"grade": null, "notes": [], "title": "FUNCTIONS OF A REAL VARIABLE", "number": "115", "component": "LEC", "department": "MATH", "instructors": ["Gary Guth"], "grade_points": null, "units_earned": 0.0, "units_attempted": 4.0}, {"grade": null, "notes": [], "title": "PROBABILITY AND STOCHASTIC DIFFERENTIAL EQUATIONS FOR APPLICATIONS", "number": "158", "component": "LEC", "department": "MATH", "instructors": ["George Papanicolaou"], "grade_points": null, "units_earned": 0.0, "units_attempted": 4.0}, {"grade": null, "notes": [], "title": "DISCRETE PROBABILISTIC METHODS", "number": "159", "component": "LEC", "department": "MATH", "instructors": ["Tara Abrishami"], "grade_points": null, "units_earned": 0.0, "units_attempted": 4.0}], "statistics": {"term_gpa": 0.0, "units_earned": 0.0, "cumulative_gpa": 4.064, "units_attempted": 19.0, "cumulative_units_earned": 156.0, "cumulative_units_attempted": 188.0}}], "student": {"name": "Jack Albright", "additional": {}, "student_id": "06649169"}, "programs": [{"name": "Undergraduate Matriculated", "level": "undergraduate", "notes": [], "degree": "BS", "status": "active", "advisor": "Emmanuel Jean Candes", "end_date": null, "subplans": ["Artificial Intelligence"], "start_date": "10/09/2023"}, {"name": "Mathematics", "level": "undergraduate", "notes": [], "degree": "BS", "status": "active", "advisor": "Emmanuel Jean Candes", "end_date": null, "subplans": [], "start_date": "10/26/2023"}, {"name": "Computer Science", "level": "graduate", "notes": [], "degree": "MS", "status": "active", "advisor": "Emmanuel Jean Candes", "end_date": null, "subplans": [], "start_date": "09/26/2023"}], "institution": {"name": "Leland Stanford Jr. University", "location": "Stanford, CA 94305", "print_date": "03/07/2026", "transcript_type": "Undergraduate Unofficial Transcript - Detailed"}, "career_totals": {"graduate": null, "undergraduate": {"gpa": 4.064, "units_earned": 156.0, "units_attempted": 188.0, "institution_units": 156.0, "units_toward_degree": 170.0}}, "source_format": "university_unofficial", "schema_version": "1.0", "standardized_at": "2026-03-08T01:20:54.980267+00:00", "transfer_credits": [{"units": 10.0, "source": "Advanced Placement Mathematics: Calculus BC", "applied_to": "Undergraduate Matriculated", "equivalency": null}, {"units": 4.0, "source": "Advanced Placement Physics C - Mechanics", "applied_to": "Undergraduate Matriculated", "equivalency": null}]}', '{"major_scores": {"heuristic_note": "Major identified as ''CS'' based on highest course frequency.", "weighted_percentile": null, "unweighted_percentile": null}, "universal_scores": {"weighted_gpa": 4.064, "weighted_percentile": null, "unweighted_percentile": null}, "common_departments": {"CS": 15, "MATH": 12, "PHYSWELL": 3}}', '{"categories": {"execution": {"score": 7, "justification": "Jack maintains a high GPA while handling a heavy course load (over 150 earned units). The recent term with several ungraded courses suggests a temporary lapse in follow‑through, lowering the execution rating slightly."}, "collaboration": {"score": 7, "justification": "Participation in group‑heavy courses (software project, seminars, interdisciplinary labs) and collaborative research‑oriented classes points to good teamwork skills, though limited data on peer evaluations keeps the score moderate."}, "communication": {"score": 8, "justification": "Consistently high grades in writing & rhetoric seminars (A), plus humanities and interdisciplinary courses, indicate solid written communication; lack of explicit presentation grades limits a perfect score."}, "problem_solving": {"score": 9, "justification": "His strong performance in abstract and rigorous subjects (e.g., functional analysis, stochastic processes, algorithm design) demonstrates high analytical ability and comfort with complex, ambiguous problems."}, "technical_domain_skill": {"score": 9, "justification": "Jack has excelled in a breadth of advanced technical courses—algorithms, operating systems, machine learning, deep reinforcement learning, functional analysis, and high‑level mathematics—earning A/A+ grades in virtually all of them."}}, "topic_rating": {"program_performance": "Jack Albright has demonstrated outstanding academic performance across his coterminal BS in Artificial Intelligence, BS in Mathematics, and MS in Computer Science. His cumulative GPA of 4.064 (on a 4.33 scale) reflects consistent A/A+ grades in rigorous core courses such as CS 103, CS 161, CS 221, CS 238, and advanced mathematics classes (MATH 104, 51, 171, 175, 172, 136). The only notable dip is a B‑ minus in MATH 159 (Discrete Probabilistic Methods) and a few A‑ grades in system‑oriented courses, suggesting minor gaps in certain applied probabilistic or systems topics. Overall, his record indicates strong mastery of theoretical foundations, excellent quantitative ability, and readiness for advanced AI research or industry roles."}, "class_anti_skills": [{"class": "MATH 159 – DISCRETE PROBABILISTIC METHODS", "reason": "The B‑ minus grade indicates a relative weakness in applying discrete probability concepts compared to his otherwise A‑range performance.", "skills": ["probabilistic reasoning and discrete probability theory"]}, {"class": "CS 229S – SYSTEMS FOR MACHINE LEARNING", "reason": "An A‑ grade, lower than his typical A/A+ in other CS courses, suggests some difficulty with the integration of systems and ML workloads.", "skills": ["systems engineering for machine learning pipelines"]}, {"class": "CS 224N – NATURAL LANGUAGE PROCESSING WITH DEEP LEARNING", "reason": "The A‑ grade, while still strong, is the only sub‑A grade in his NLP coursework, hinting at a modest gap in mastering advanced NLP techniques.", "skills": ["deep learning for NLP"]}]}', NULL, NULL, '2026-03-08 01:21:06.119338+00'),
	('e3c30743-5589-4f32-bfba-e899e7ff146a', '{"notes": ["Masters Program Proposal - Plan: CS-MS", "Information must be kept confidential and must not be disclosed to other parties without the written consent of the student."], "terms": [{"name": "2022-2023 Autumn", "year": "2022-2023", "level": "undergraduate", "season": "Autumn", "courses": [{"grade": "A", "notes": [], "title": "WHY COLLEGE? YOUR EDUCATION AND THE GOOD LIFE", "number": "101", "component": "SEM", "department": "COLLEGE", "instructors": ["Nate Grubman"], "grade_points": null, "units_earned": 3.0, "units_attempted": 3.0}, {"grade": "B+", "notes": [], "title": "PROGRAMMING ABSTRACTIONS", "number": "106B", "component": "LEC", "department": "CS", "instructors": ["Cynthia Bailey", "Julie Zelenski"], "grade_points": null, "units_earned": 5.0, "units_attempted": 5.0}, {"grade": "CR", "notes": [], "title": "STANFORD WIND SYMPHONY", "number": "161", "component": "PRA", "department": "MUSIC", "instructors": ["Giancarlo Aquilanti", "Russ Gavin"], "grade_points": null, "units_earned": 1.0, "units_attempted": 1.0}, {"grade": "B+", "notes": [], "title": "PUBLIC POLICY AND PERSONAL FINANCE", "number": "55", "component": "NISF", "department": "POL", "instructors": ["Gregory Rosston"], "grade_points": null, "units_earned": 3.0, "units_attempted": 3.0}, {"grade": "A-", "notes": [], "title": "WRITING & RHETORIC 1: IN ANOTHER''S SHOES: THE RHETORIC OF EMPATHY", "number": "1", "component": "BRBSEM", "department": "PWR", "instructors": ["Becky Richardson"], "grade_points": null, "units_earned": 4.0, "units_attempted": 4.0}, {"grade": "S", "notes": [], "title": "101: BRANNER (NEIGHBORHOOD N)", "number": "101", "component": "KSEMFROSH", "department": "UAR", "instructors": ["Niles Wilson", "Patti Hanlon"], "grade_points": null, "units_earned": 2.0, "units_attempted": 2.0}], "statistics": {"term_gpa": 3.546, "units_earned": 18.0, "cumulative_gpa": 3.546, "units_attempted": 18.0, "cumulative_units_earned": 18.0, "cumulative_units_attempted": 18.0}}, {"name": "2022-2023 Winter", "year": "2022-2023", "level": "undergraduate", "season": "Winter", "courses": [{"grade": "B+", "notes": [], "title": "COMPUTER ORGANIZATION AND SYSTEMS", "number": "107", "component": "LEC", "department": "CS", "instructors": [], "grade_points": null, "units_earned": 5.0, "units_attempted": 5.0}, {"grade": "A-", "notes": [], "title": "FIRST-YEAR JAPANESE LANGUAGE, CULTURE, AND COMMUNICATION, FIRST QUARTER", "number": "LNG 1", "component": "LNG", "department": "JAPAN", "instructors": ["Emiko Yasumoto Magnani"], "grade_points": null, "units_earned": 5.0, "units_attempted": 5.0}, {"grade": "B+", "notes": [], "title": "LINEAR ALGEBRA, MULTIVARIABLE CALCULUS, AND MODERN APPLICATIONS", "number": "51", "component": "LEC", "department": "MATH", "instructors": ["Lexing Ying"], "grade_points": null, "units_earned": 5.0, "units_attempted": 5.0}, {"grade": "A", "notes": [], "title": "STANFORD WIND SYMPHONY", "number": "161", "component": "PRA", "department": "MUSIC", "instructors": ["Giancarlo Aquilanti", "Russ Gavin"], "grade_points": null, "units_earned": 1.0, "units_attempted": 1.0}, {"grade": "S", "notes": [], "title": "WEIGHT TRAINING: BEGINNING", "number": "12", "component": "WKS", "department": "PHYSWELL", "instructors": ["Miwa Natsuki"], "grade_points": null, "units_earned": 1.0, "units_attempted": 1.0}], "statistics": {"term_gpa": 3.468, "units_earned": 17.0, "cumulative_gpa": 3.506, "units_attempted": 17.0, "cumulative_units_earned": 35.0, "cumulative_units_attempted": 35.0}}, {"name": "2022-2023 Spring", "year": "2022-2023", "level": "undergraduate", "season": "Spring", "courses": [{"grade": "B+", "notes": [], "title": "THE SPIRIT OF DEMOCRACY", "number": "110", "component": "DIS", "department": "COLLEGE", "instructors": ["John Young"], "grade_points": null, "units_earned": 4.0, "units_attempted": 4.0}, {"grade": "B+", "notes": [], "title": "MATHEMATICAL FOUNDATIONS OF COMPUTING", "number": "103", "component": "LEC", "department": "CS", "instructors": ["Alex Aiken", "Cynthia Bailey", "Jennie Chung", "Lori Liu", "Ophir Horovitz", "Reva Agashe", "Tracy Chang"], "grade_points": null, "units_earned": 5.0, "units_attempted": 5.0}, {"grade": "B+", "notes": [], "title": "FIRST-YEAR JAPANESE LANGUAGE, CULTURE, AND COMMUNICATION, SECOND QUARTER", "number": "LNG 2", "component": "LNG", "department": "JAPAN", "instructors": ["May Miao"], "grade_points": null, "units_earned": 5.0, "units_attempted": 5.0}, {"grade": "A", "notes": [], "title": "STANFORD WIND SYMPHONY", "number": "161", "component": "PRA", "department": "MUSIC", "instructors": ["Giancarlo Aquilanti", "Russ Gavin"], "grade_points": null, "units_earned": 1.0, "units_attempted": 1.0}, {"grade": "A", "notes": [], "title": "SELF AND SOCIETY: INTRODUCTION TO SOCIAL PSYCHOLOGY", "number": "70", "component": "LEC", "department": "PSYCH", "instructors": ["Alia Crum", "Robb Willer"], "grade_points": null, "units_earned": 4.0, "units_attempted": 4.0}], "statistics": {"term_gpa": 3.484, "units_earned": 19.0, "cumulative_gpa": 3.498, "units_attempted": 19.0, "cumulative_units_earned": 54.0, "cumulative_units_attempted": 54.0}}, {"name": "2023-2024 Autumn", "year": "2023-2024", "level": "undergraduate", "season": "Autumn", "courses": [{"grade": "A+", "notes": [], "title": "INTRODUCTION TO ECOLOGY", "number": "81", "component": "LEC", "department": "BIO", "instructors": ["Amanda WU", "Erin Mordecai", "Lydia Villa"], "grade_points": null, "units_earned": 4.0, "units_attempted": 4.0}, {"grade": "A", "notes": [], "title": "INTRODUCTION TO PROBABILITY FOR COMPUTER SCIENTISTS", "number": "109", "component": "LEC", "department": "CS", "instructors": ["Chris Piech"], "grade_points": null, "units_earned": 5.0, "units_attempted": 5.0}, {"grade": "B+", "notes": [], "title": "DESIGN AND ANALYSIS OF ALGORITHMS", "number": "161", "component": "LEC", "department": "CS", "instructors": ["Aviad Rubinstein"], "grade_points": null, "units_earned": 5.0, "units_attempted": 5.0}, {"grade": "A", "notes": [], "title": "JAZZ COMBOS", "number": "181", "component": "PRA", "department": "MUSIC", "instructors": ["James Nadel"], "grade_points": null, "units_earned": 1.0, "units_attempted": 1.0}, {"grade": "A", "notes": [], "title": "WRITING & RHETORIC 2: MANY FACES OF SHERLOCK: RACE, GENDER, POWER, AND THE RHETORIC OF THE DETECTIVE", "number": "2", "component": "IYSEM", "department": "PWR", "instructors": ["Irena Yamboliev"], "grade_points": null, "units_earned": 4.0, "units_attempted": 4.0}], "statistics": {"term_gpa": 3.878, "units_earned": 19.0, "cumulative_gpa": 3.602, "units_attempted": 19.0, "cumulative_units_earned": 73.0, "cumulative_units_attempted": 73.0}}, {"name": "2023-2024 Winter", "year": "2023-2024", "level": "undergraduate", "season": "Winter", "courses": [{"grade": "B", "notes": ["Previous Grade(s): GNR"], "title": "OPERATING SYSTEMS PRINCIPLES", "number": "111", "component": "LEC", "department": "CS", "instructors": ["Nick Troccoli"], "grade_points": null, "units_earned": 5.0, "units_attempted": 5.0}, {"grade": "A", "notes": [], "title": "MACHINE LEARNING", "number": "229", "component": "LEC", "department": "CS", "instructors": ["Emily Fox", "Sanmi Koyejo"], "grade_points": null, "units_earned": 4.0, "units_attempted": 4.0}, {"grade": "A", "notes": [], "title": "JAZZ COMBOS", "number": "181", "component": "PRA", "department": "MUSIC", "instructors": ["James Nadel"], "grade_points": null, "units_earned": 1.0, "units_attempted": 1.0}, {"grade": "A+", "notes": [], "title": "HUMAN ANATOMY (ONLINE)", "number": "51", "component": "LEC", "department": "PATH", "instructors": ["Darren Salmi"], "grade_points": null, "units_earned": 4.0, "units_attempted": 4.0}, {"grade": "A", "notes": [], "title": "SUSTAINABLE ENERGY FOR FUTURE PRESIDENTS", "number": "101", "component": "A LEC", "department": "SUSTAIN", "instructors": ["Argenta Price", "Arunava Majumdar", "Kathryn Moler"], "grade_points": null, "units_earned": 3.0, "units_attempted": 3.0}], "statistics": {"term_gpa": 3.776, "units_earned": 17.0, "cumulative_gpa": 3.637, "units_attempted": 17.0, "cumulative_units_earned": 90.0, "cumulative_units_attempted": 90.0}}, {"name": "2023-2024 Spring", "year": "2023-2024", "level": "undergraduate", "season": "Spring", "courses": [{"grade": "B+", "notes": [], "title": "NATURAL LANGUAGE PROCESSING WITH DEEP LEARNING", "number": "224N", "component": "LEC", "department": "CS", "instructors": ["Christopher Manning"], "grade_points": null, "units_earned": 4.0, "units_attempted": 4.0}, {"grade": "S", "notes": [], "title": "SOCIAL DANCE I", "number": "46", "component": "ACT", "department": "DANCE", "instructors": ["Richard Powers"], "grade_points": null, "units_earned": 1.0, "units_attempted": 1.0}, {"grade": "A", "notes": [], "title": "INFORMATION SCIENCE AND ENGINEERING", "number": "76", "component": "LEC", "department": "ENGR", "instructors": ["Ayfer Ozgur"], "grade_points": null, "units_earned": 5.0, "units_attempted": 5.0}, {"grade": "A", "notes": [], "title": "ENTREPRENEURSHIP: PRINCIPLES & PERSPECTIVES", "number": "178", "component": "LEC", "department": "MS&E", "instructors": ["Ravi Belani"], "grade_points": null, "units_earned": 2.0, "units_attempted": 2.0}, {"grade": "A", "notes": [], "title": "STATISTICAL ARBITRAGE", "number": "244", "component": "LEC", "department": "MS&E", "instructors": ["David Demers"], "grade_points": null, "units_earned": 3.0, "units_attempted": 3.0}, {"grade": "S", "notes": [], "title": "ENTREPRENEURIAL THOUGHT LEADERS'' SEMINAR", "number": "472", "component": "COL", "department": "MS&E", "instructors": ["Ravi Belani"], "grade_points": null, "units_earned": 1.0, "units_attempted": 1.0}, {"grade": "A", "notes": [], "title": "JAZZ COMBOS", "number": "181", "component": "PRA", "department": "MUSIC", "instructors": ["James Nadel"], "grade_points": null, "units_earned": 1.0, "units_attempted": 1.0}], "statistics": {"term_gpa": 3.813, "units_earned": 17.0, "cumulative_gpa": 3.663, "units_attempted": 17.0, "cumulative_units_earned": 107.0, "cumulative_units_attempted": 107.0}}, {"name": "2024-2025 Autumn", "year": "2024-2025", "level": "undergraduate", "season": "Autumn", "courses": [{"grade": "A", "notes": [], "title": "THE HINDU EPICS AND THE ETHICS OF DHARMA", "number": "125", "component": "LEC", "department": "CLASSICS", "instructors": ["Elaine Fisher"], "grade_points": null, "units_earned": 4.0, "units_attempted": 4.0}, {"grade": "A", "notes": ["Previous Grade(s): A,I"], "title": "INTRODUCTION TO COMPUTER GRAPHICS AND IMAGING", "number": "148", "component": "LEC", "department": "CS", "instructors": ["Ron Fedkiw"], "grade_points": null, "units_earned": 4.0, "units_attempted": 4.0}, {"grade": "C+", "notes": [], "title": "PARALLEL COMPUTING", "number": "149", "component": "LEC", "department": "CS", "instructors": ["Kayvon Fatahalian", "Oyekunle Olukotun"], "grade_points": null, "units_earned": 4.0, "units_attempted": 4.0}, {"grade": "A", "notes": [], "title": "DECISION MAKING UNDER UNCERTAINTY", "number": "238", "component": "LEC", "department": "CS", "instructors": ["Mykel Kochenderfer"], "grade_points": null, "units_earned": 4.0, "units_attempted": 4.0}], "statistics": {"term_gpa": 3.575, "units_earned": 16.0, "cumulative_gpa": 3.651, "units_attempted": 16.0, "cumulative_units_earned": 123.0, "cumulative_units_attempted": 123.0}}, {"name": "2024-2025 Winter", "year": "2024-2025", "level": "undergraduate", "season": "Winter", "courses": [{"grade": "B", "notes": [], "title": "INTRODUCTION TO COMPUTER NETWORKING", "number": "144", "component": "LEC", "department": "CS", "instructors": ["Keith Winstein"], "grade_points": null, "units_earned": 4.0, "units_attempted": 4.0}, {"grade": "A", "notes": [], "title": "INFRASTRUCTURE AT SCALE", "number": "153", "component": "LEC", "department": "CS", "instructors": ["Michael Abbott"], "grade_points": null, "units_earned": 3.0, "units_attempted": 3.0}, {"grade": "A-", "notes": [], "title": "CONTINUOUS MATHEMATICAL METHODS WITH AN EMPHASIS ON MACHINE LEARNING", "number": "205L", "component": "LEC", "department": "CS", "instructors": ["Ron Fedkiw"], "grade_points": null, "units_earned": 3.0, "units_attempted": 3.0}, {"grade": "B", "notes": [], "title": "HEALTH CARE LEADERSHIP", "number": "127", "component": "LEC", "department": "EMED", "instructors": ["Milana Trounce"], "grade_points": null, "units_earned": 4.0, "units_attempted": 4.0}], "statistics": {"term_gpa": 3.364, "units_earned": 14.0, "cumulative_gpa": 3.62, "units_attempted": 14.0, "cumulative_units_earned": 137.0, "cumulative_units_attempted": 137.0}}, {"name": "2024-2025 Spring", "year": "2024-2025", "level": "graduate", "season": "Spring", "courses": [{"grade": "A", "notes": [], "title": "TRUST AND SAFETY", "number": "152", "component": "LEC", "department": "CS", "instructors": ["Alex Stamos", "Jeffrey Hancock", "Shelby Grossman"], "grade_points": null, "units_earned": 3.0, "units_attempted": 3.0}, {"grade": "B", "notes": [], "title": "COMPUTER AND NETWORK SECURITY", "number": "155", "component": "LEC", "department": "CS", "instructors": ["Dan Boneh", "Zakir Durumeric"], "grade_points": null, "units_earned": 3.0, "units_attempted": 3.0}, {"grade": "A", "notes": [], "title": "UNDERGRADUATE RESEARCH", "number": "195", "component": "INSSUPERVISED", "department": "CS", "instructors": ["Chris Re"], "grade_points": null, "units_earned": 4.0, "units_attempted": 4.0}, {"grade": "B", "notes": [], "title": "DEEP LEARNING FOR COMPUTER VISION", "number": "231N", "component": "LEC", "department": "CS", "instructors": ["Ehsan Adeli", "Fei-Fei Li"], "grade_points": null, "units_earned": 4.0, "units_attempted": 4.0}], "statistics": {"term_gpa": 3.0, "units_earned": 4.0, "cumulative_gpa": 3.0, "units_attempted": 4.0, "cumulative_units_earned": 4.0, "cumulative_units_attempted": 4.0}}, {"name": "2025-2026 Autumn", "year": "2025-2026", "level": "undergraduate", "season": "Autumn", "courses": [{"grade": "CR", "notes": [], "title": "SOCIETAL COLLAPSE", "number": "187", "component": "SEM", "department": "CLASSICS", "instructors": ["Javier Mejia Cubillos"], "grade_points": null, "units_earned": 5.0, "units_attempted": 5.0}, {"grade": "A", "notes": [], "title": "CRYPTOCURRENCIES AND BLOCKCHAIN TECHNOLOGIES", "number": "251", "component": "LEC", "department": "CS", "instructors": ["Alexander Waitz", "Anthony Argyropoulos", "Dan Boneh"], "grade_points": null, "units_earned": 3.0, "units_attempted": 3.0}, {"grade": "A-", "notes": [], "title": "SELF IMPROVING AI AGENTS", "number": "329A", "component": "LEC", "department": "CS", "instructors": ["Aakanksha Chowdhery", "Azalia Mirhoseini"], "grade_points": null, "units_earned": 3.0, "units_attempted": 3.0}, {"grade": "A", "notes": [], "title": "TRUSTWORTHY MACHINE LEARNING: BUILDING AND EVALUATING AGENTIC SYSTEMS", "number": "329T", "component": "LECT", "department": "CS", "instructors": ["Anupam Datta", "John Mitchell"], "grade_points": null, "units_earned": 3.0, "units_attempted": 3.0}], "statistics": {"term_gpa": 4.0, "units_earned": 8.0, "cumulative_gpa": 3.634, "units_attempted": 8.0, "cumulative_units_earned": 155.0, "cumulative_units_attempted": 155.0}}, {"name": "2025-2026 Autumn", "year": "2025-2026", "level": "graduate", "season": "Autumn", "courses": [{"grade": "CR", "notes": [], "title": "SOCIETAL COLLAPSE", "number": "187", "component": "SEM", "department": "CLASSICS", "instructors": ["Javier Mejia Cubillos"], "grade_points": null, "units_earned": 5.0, "units_attempted": 5.0}, {"grade": "A", "notes": [], "title": "CRYPTOCURRENCIES AND BLOCKCHAIN TECHNOLOGIES", "number": "251", "component": "LEC", "department": "CS", "instructors": ["Alexander Waitz", "Anthony Argyropoulos", "Dan Boneh"], "grade_points": null, "units_earned": 3.0, "units_attempted": 3.0}, {"grade": "A-", "notes": [], "title": "SELF IMPROVING AI AGENTS", "number": "329A", "component": "LEC", "department": "CS", "instructors": ["Aakanksha Chowdhery", "Azalia Mirhoseini"], "grade_points": null, "units_earned": 3.0, "units_attempted": 3.0}, {"grade": "A", "notes": [], "title": "TRUSTWORTHY MACHINE LEARNING: BUILDING AND EVALUATING AGENTIC SYSTEMS", "number": "329T", "component": "LECT", "department": "CS", "instructors": ["Anupam Datta", "John Mitchell"], "grade_points": null, "units_earned": 3.0, "units_attempted": 3.0}], "statistics": {"term_gpa": 3.85, "units_earned": 6.0, "cumulative_gpa": 3.51, "units_attempted": 6.0, "cumulative_units_earned": 10.0, "cumulative_units_attempted": 10.0}}, {"name": "2025-2026 Winter", "year": "2025-2026", "level": "undergraduate", "season": "Winter", "courses": [{"grade": null, "notes": [], "title": "SOFTWARE PROJECT (WIM)", "number": "194W", "component": "LEC", "department": "CS", "instructors": ["Jay Borenstein"], "grade_points": null, "units_earned": 0.0, "units_attempted": 3.0}, {"grade": null, "notes": [], "title": "THIRD QUARTER", "number": "LNG 3", "component": "LNG", "department": "JAPAN", "instructors": ["Emiko Yasumoto Magnani"], "grade_points": null, "units_earned": 0.0, "units_attempted": 5.0}, {"grade": null, "notes": [], "title": "INTRODUCTION TO ROBOTICS", "number": "223A", "component": "LEC", "department": "CS", "instructors": ["Shameek Ganguly"], "grade_points": null, "units_earned": 0.0, "units_attempted": 3.0}, {"grade": null, "notes": [], "title": "MINING MASSIVE DATA SETS", "number": "246", "component": "LEC", "department": "CS", "instructors": ["Jure Leskovec"], "grade_points": null, "units_earned": 0.0, "units_attempted": 4.0}], "statistics": {"term_gpa": 0.0, "units_earned": 0.0, "cumulative_gpa": 3.634, "units_attempted": 8.0, "cumulative_units_earned": 155.0, "cumulative_units_attempted": 155.0}}, {"name": "2025-2026 Winter", "year": "2025-2026", "level": "graduate", "season": "Winter", "courses": [{"grade": null, "notes": [], "title": "SOFTWARE PROJECT (WIM)", "number": "194W", "component": "LEC", "department": "CS", "instructors": ["Jay Borenstein"], "grade_points": null, "units_earned": 0.0, "units_attempted": 3.0}, {"grade": null, "notes": [], "title": "THIRD QUARTER", "number": "LNG 3", "component": "LNG", "department": "JAPAN", "instructors": ["Emiko Yasumoto Magnani"], "grade_points": null, "units_earned": 0.0, "units_attempted": 5.0}, {"grade": null, "notes": [], "title": "INTRODUCTION TO ROBOTICS", "number": "223A", "component": "LEC", "department": "CS", "instructors": ["Shameek Ganguly"], "grade_points": null, "units_earned": 0.0, "units_attempted": 3.0}, {"grade": null, "notes": [], "title": "MINING MASSIVE DATA SETS", "number": "246", "component": "LEC", "department": "CS", "instructors": ["Jure Leskovec"], "grade_points": null, "units_earned": 0.0, "units_attempted": 4.0}], "statistics": {"term_gpa": 0.0, "units_earned": 0.0, "cumulative_gpa": 3.51, "units_attempted": 7.0, "cumulative_units_earned": 10.0, "cumulative_units_attempted": 17.0}}, {"name": "2025-2026 Spring", "year": "2025-2026", "level": "undergraduate", "season": "Spring", "courses": [{"grade": null, "notes": [], "title": "ARTIFICIAL INTELLIGENCE: PRINCIPLES AND TECHNIQUES", "number": "221", "component": "LEC", "department": "CS", "instructors": ["Moses Charikar"], "grade_points": null, "units_earned": 0.0, "units_attempted": 4.0}, {"grade": null, "notes": [], "title": "ART AND THE MARKET", "number": "238", "component": "SEM", "department": "FRENCH", "instructors": ["Andrei Pesic"], "grade_points": null, "units_earned": 0.0, "units_attempted": 5.0}, {"grade": null, "notes": [], "title": "AROUND THE WORLD IN TEN FILMS", "number": "135", "component": "LEC", "department": "GLOBAL", "instructors": ["Pavle Levi"], "grade_points": null, "units_earned": 0.0, "units_attempted": 3.0}, {"grade": null, "notes": [], "title": "DEEP REINFORCEMENT LEARNING", "number": "224R", "component": "LEC", "department": "CS", "instructors": ["Chelsea Finn"], "grade_points": null, "units_earned": 0.0, "units_attempted": 3.0}], "statistics": {"term_gpa": 0.0, "units_earned": 0.0, "cumulative_gpa": 3.634, "units_attempted": 12.0, "cumulative_units_earned": 155.0, "cumulative_units_attempted": 155.0}}, {"name": "2025-2026 Spring", "year": "2025-2026", "level": "graduate", "season": "Spring", "courses": [{"grade": null, "notes": [], "title": "ARTIFICIAL INTELLIGENCE: PRINCIPLES AND TECHNIQUES", "number": "221", "component": "LEC", "department": "CS", "instructors": ["Moses Charikar"], "grade_points": null, "units_earned": 0.0, "units_attempted": 4.0}, {"grade": null, "notes": [], "title": "ART AND THE MARKET", "number": "238", "component": "SEM", "department": "FRENCH", "instructors": ["Andrei Pesic"], "grade_points": null, "units_earned": 0.0, "units_attempted": 5.0}, {"grade": null, "notes": [], "title": "AROUND THE WORLD IN TEN FILMS", "number": "135", "component": "LEC", "department": "GLOBAL", "instructors": ["Pavle Levi"], "grade_points": null, "units_earned": 0.0, "units_attempted": 3.0}, {"grade": null, "notes": [], "title": "DEEP REINFORCEMENT LEARNING", "number": "224R", "component": "LEC", "department": "CS", "instructors": ["Chelsea Finn"], "grade_points": null, "units_earned": 0.0, "units_attempted": 3.0}], "statistics": {"term_gpa": 0.0, "units_earned": 0.0, "cumulative_gpa": 3.51, "units_attempted": 3.0, "cumulative_units_earned": 10.0, "cumulative_units_attempted": 20.0}}], "student": {"name": "Mahajan, Aniket", "additional": {}, "student_id": "06649719"}, "programs": [{"name": "Computer Science", "level": "undergraduate", "notes": [], "degree": "BS", "status": "active", "advisor": "Ermon, Stefano", "end_date": null, "subplans": ["Artificial Intelligence"], "start_date": "11/16/2023"}, {"name": "Computer Science", "level": "graduate", "notes": [], "degree": "MS", "status": "active", "advisor": "Ermon, Stefano", "end_date": null, "subplans": [], "start_date": "09/26/2023"}], "institution": {"name": "Leland Stanford Jr. University", "location": "Stanford, CA 94305 USA", "print_date": "03/08/2026", "transcript_type": "Undergraduate Unofficial Transcript - Detailed"}, "career_totals": {"graduate": {"gpa": 3.51, "units_earned": 10.0, "units_attempted": 20.0, "institution_units": null, "units_toward_degree": null}, "undergraduate": {"gpa": 3.634, "units_earned": 155.0, "units_attempted": 175.0, "institution_units": 155.0, "units_toward_degree": 188.0}}, "source_format": "university_unofficial", "schema_version": "1.0", "standardized_at": "2026-03-09T01:43:02.750871+00:00", "transfer_credits": [{"units": 10.0, "source": "Advanced Placement Chemistry", "applied_to": "Undergraduate Computer Science (BS)", "equivalency": null}, {"units": 5.0, "source": "Advanced Placement Computer Science A", "applied_to": "Undergraduate Computer Science (BS)", "equivalency": null}, {"units": 10.0, "source": "Advanced Placement Mathematics: Calculus BC", "applied_to": "Undergraduate Computer Science (BS)", "equivalency": null}, {"units": 8.0, "source": "Advanced Placement Physics 1 Physics 2 Combined", "applied_to": "Undergraduate Computer Science (BS)", "equivalency": null}]}', '{"major_scores": {"heuristic_note": "Major identified as ''CS'' based on highest course frequency.", "weighted_percentile": null, "unweighted_percentile": null}, "universal_scores": {"weighted_gpa": 3.634, "weighted_percentile": null, "unweighted_percentile": null}, "common_departments": {"CS": 34, "JAPAN": 4, "MUSIC": 6}}', '{"categories": {"execution": {"score": 6, "justification": "Overall GPA and steady course completion are positive, but the recent term with multiple courses lacking grades (Software Project, Robotics, Mining Massive Data Sets) points to potential issues with time management, follow‑through, or handling heavy workloads."}, "collaboration": {"score": 8, "justification": "Participation in group‑oriented activities such as Jazz Combos, Entrepreneurship seminars, and interdisciplinary projects, combined with consistent performance, suggests strong teamwork and collaborative abilities."}, "communication": {"score": 8, "justification": "High marks in Writing & Rhetoric (A‑, A), Public Policy (B+), and Social Psychology (A) indicate effective written and verbal communication skills and the ability to convey complex ideas to diverse audiences."}, "problem_solving": {"score": 7, "justification": "Strong performance in mathematically intensive courses (Probability, Linear Algebra, Decision Making) and AI/ML classes shows solid analytical ability. The difficulty in parallel computing and a few B‑level grades suggest room for growth in handling highly abstract or concurrency‑heavy problems."}, "technical_domain_skill": {"score": 8, "justification": "Consistently high grades (A, A-) in core CS subjects such as Algorithms, Machine Learning, AI, and Graphics demonstrate strong technical competence. The lone C+ in Parallel Computing slightly lowers the score but does not outweigh the overall depth."}}, "topic_rating": {"program_performance": "Aniket has maintained a strong academic record throughout the undergraduate portion of the Computer Science program, achieving a cumulative GPA of 3.63 with a majority of A‑ and B+ grades in core CS courses such as Algorithms, Probability, Machine Learning, and AI. The AI sub‑plan focus is reflected in high marks in CS229 (Machine Learning), CS224N (NLP), and CS329 series (Trustworthy ML). Communication and interdisciplinary breadth are evident from high grades in Writing & Rhetoric, Public Policy, and several humanities electives. However, the transcript shows a recent decline in execution: multiple upper‑level courses in the 2025‑2026 Winter term (Software Project, Robotics, Mining Massive Data Sets) have no recorded grade, indicating possible withdrawals or incompletes. The single C+ in CS149 (Parallel Computing) also highlights a specific technical weakness. Overall, performance is strong but recent execution lapses and a noted difficulty with parallel systems suggest areas for improvement before fully transitioning to graduate‑level responsibilities."}, "class_anti_skills": [{"class": "CS 149 - Parallel Computing", "reason": "Earned a C+ despite prior strong performance in related systems courses, indicating difficulty with parallel algorithm design and performance optimization.", "skills": ["Parallel programming and concurrency"]}, {"class": "CS 194W - Software Project (WIM)", "reason": "No grade recorded for the term, suggesting the project was not completed or withdrawn, raising concerns about execution and follow‑through on large‑scale software projects.", "skills": ["Project execution and software development lifecycle"]}]}', NULL, NULL, '2026-03-09 01:43:07.830912+00');


--
-- Data for Name: companies; Type: TABLE DATA; Schema: public; Owner: postgres
--

INSERT INTO "public"."companies" ("id", "name", "slug", "description", "website", "domains", "is_verified", "created_at", "updated_at") VALUES
	('05a201d3-224d-4e6c-b9f3-e5f5c8b255bd', 'Airbnb', 'airbnb', 'Online marketplace for stays and experiences.', 'https://www.airbnb.com', '{airbnb.com}', true, '2026-03-08 00:18:43.263586+00', '2026-03-08 00:18:43.263586+00'),
	('1a9b3ca2-a03a-48d1-badf-3b5d962b0e67', 'Google', 'google', 'Global technology company focused on search, cloud, and AI products.', 'https://about.google', '{google.com}', true, '2026-03-08 00:18:43.263586+00', '2026-03-08 00:18:43.263586+00'),
	('5b467d03-8e1f-4840-a725-d2bbe65993c6', 'Meta', 'meta', 'Technology company building social platforms and AR/VR products.', 'https://about.meta.com', '{meta.com,fb.com}', true, '2026-03-08 00:18:43.263586+00', '2026-03-08 00:18:43.263586+00'),
	('b04fa57d-6c36-4336-b5b1-60edb106dfe5', 'Microsoft', 'microsoft', 'Technology company focused on cloud, productivity, and developer platforms.', 'https://www.microsoft.com', '{microsoft.com}', true, '2026-03-08 00:18:43.263586+00', '2026-03-08 00:18:43.263586+00'),
	('1b56d41a-ea02-489e-89ba-244d8186918f', 'OpenAI', 'openai', 'AI research and deployment company building frontier AI systems.', 'https://openai.com', '{openai.com}', true, '2026-03-08 00:18:43.263586+00', '2026-03-08 00:18:43.263586+00'),
	('1a190ecf-555e-41ad-9cbd-80fc62392f3d', 'Stripe', 'stripe', 'Financial infrastructure platform for businesses on the internet.', 'https://stripe.com', '{stripe.com}', true, '2026-03-08 00:18:43.263586+00', '2026-03-08 00:18:43.263586+00'),
	('0bb80ed3-b4e8-4c61-8887-3aabd90ef255', 'Ryan', 'ryan', NULL, NULL, '{ryan.com}', true, '2026-03-08 00:38:07.991966+00', '2026-03-08 00:38:07.991966+00'),
	('1687702a-ebb8-4027-b69a-5fa8c11c6283', 'Fakerecruiter', 'fakerecruiter', NULL, NULL, '{fakerecruiter.com}', true, '2026-03-08 01:29:08.05456+00', '2026-03-08 01:29:08.05456+00'),
	('5d9847b2-43b6-4ad7-afd1-9a2a6dac3805', 'Recruiter', 'recruiter', NULL, NULL, '{recruiter.com}', true, '2026-03-09 01:40:33.276172+00', '2026-03-09 01:40:33.276172+00');


--
-- Data for Name: company_memberships; Type: TABLE DATA; Schema: public; Owner: postgres
--

INSERT INTO "public"."company_memberships" ("id", "user_id", "company_id", "role", "status", "created_at", "updated_at") VALUES
	('be87edcb-6630-4abb-9184-4027190aa31e', '8f8dc7fe-e37d-415a-bd51-a92519307eea', '0bb80ed3-b4e8-4c61-8887-3aabd90ef255', 'recruiter_member', 'approved', '2026-03-08 00:38:07.991966+00', '2026-03-08 00:38:07.991966+00'),
	('2b250f3d-fa74-411c-a4af-3bfc06297b97', 'e472cc37-3a75-4590-826a-bd407301f8ea', '0bb80ed3-b4e8-4c61-8887-3aabd90ef255', 'recruiter_member', 'approved', '2026-03-08 01:03:44.685848+00', '2026-03-08 01:03:44.685848+00'),
	('6f1c2e2f-a2aa-4b97-a2c8-5b1496324d11', '2240c911-84a8-4d04-abe1-b747597a57e0', '5b467d03-8e1f-4840-a725-d2bbe65993c6', 'recruiter_member', 'approved', '2026-03-08 01:08:36.804449+00', '2026-03-08 01:08:36.804449+00'),
	('c03087b9-18d2-4e3c-9f88-aae24fc6ff79', '4f7a5012-31da-428f-a49d-99b7497fbeb3', '5b467d03-8e1f-4840-a725-d2bbe65993c6', 'recruiter_member', 'approved', '2026-03-08 01:17:00.999158+00', '2026-03-08 01:17:00.999158+00'),
	('34ff8d1c-734d-41ea-821b-d36346964990', '33e64469-cd8f-4065-ba28-16bcfac88098', '1687702a-ebb8-4027-b69a-5fa8c11c6283', 'recruiter_member', 'approved', '2026-03-08 01:29:08.05456+00', '2026-03-08 01:29:08.05456+00'),
	('a320e15c-d0be-4579-8dc7-7b74c5ff861e', 'b0c8d96e-cc1b-4311-aabd-81249afad4c1', '5d9847b2-43b6-4ad7-afd1-9a2a6dac3805', 'recruiter_member', 'approved', '2026-03-09 01:40:33.276172+00', '2026-03-09 01:40:33.276172+00');


--
-- Data for Name: feedback; Type: TABLE DATA; Schema: public; Owner: postgres
--



--
-- Data for Name: grade_distributions; Type: TABLE DATA; Schema: public; Owner: postgres
--



--
-- Data for Name: jobs; Type: TABLE DATA; Schema: public; Owner: postgres
--

INSERT INTO "public"."jobs" ("id", "recruiter_id", "title", "company", "location", "type", "salary_display", "salary_min", "description", "skills", "requirements", "benefits", "preferred_majors", "preferred_grad_years", "min_gpa", "is_active", "created_at", "updated_at", "company_id", "required_work_authorization") VALUES
	('9f7ab991-ef45-4d4f-a8a8-4c75c4df0001', NULL, 'Software Engineer Intern', 'Google', 'Mountain View, CA', 'Internship', '$8,000/mo', 8000, 'Join our team to build scalable systems and work on products used by billions of people worldwide.', '{Python,Java,"Distributed Systems"}', '{"Currently pursuing BS/MS in Computer Science or related field","Strong coding skills in Python or Java","Experience with data structures and algorithms"}', '{"Free meals","Housing stipend","Mentorship program"}', '{"Computer Science","Electrical Engineering"}', '{2026,2027}', 3.50, true, '2026-03-06 00:18:43.196467+00', '2026-03-08 00:18:43.263586+00', '1a9b3ca2-a03a-48d1-badf-3b5d962b0e67', NULL),
	('9f7ab991-ef45-4d4f-a8a8-4c75c4df0002', NULL, 'Frontend Developer', 'Stripe', 'San Francisco, CA', 'Full-time', '$150k-$200k', 150000, 'Build beautiful, performant interfaces for the future of online payments.', '{React,TypeScript,CSS}', '{"3+ years of frontend experience","Strong understanding of web fundamentals","Experience with design systems"}', '{"Competitive equity",Remote-friendly,"Learning and development budget"}', '{"Computer Science",Mathematics}', '{2025,2026}', 3.20, true, '2026-03-01 00:18:43.196467+00', '2026-03-08 00:18:43.263586+00', '1a190ecf-555e-41ad-9cbd-80fc62392f3d', NULL),
	('9f7ab991-ef45-4d4f-a8a8-4c75c4df0003', NULL, 'Data Science Intern', 'Meta', 'Menlo Park, CA', 'Internship', '$9,500/mo', 9500, 'Apply ML techniques to solve problems at massive scale across Facebook, Instagram, and WhatsApp.', '{Python,"Machine Learning",SQL}', '{"Pursuing degree in CS, Statistics, or related field","Experience with ML frameworks","Strong analytical skills"}', '{"Relocation assistance","Wellness programs","Team events"}', '{"Computer Science","Data Science",Mathematics}', '{2026,2027}', 3.30, true, '2026-03-05 00:18:43.196467+00', '2026-03-08 00:18:43.263586+00', '5b467d03-8e1f-4840-a725-d2bbe65993c6', NULL),
	('9f7ab991-ef45-4d4f-a8a8-4c75c4df0004', NULL, 'Backend Engineer', 'Airbnb', 'Remote', 'Full-time', '$140k-$180k', 140000, 'Design and implement services that power the global travel platform serving millions of guests.', '{Go,Kubernetes,SQL}', '{"5+ years backend experience","Experience with microservices","Strong system design skills"}', '{"Travel credits","Flexible PTO","Home office setup"}', '{"Computer Science","Electrical Engineering"}', '{2025}', NULL, true, '2026-03-03 00:18:43.196467+00', '2026-03-08 00:18:43.263586+00', '05a201d3-224d-4e6c-b9f3-e5f5c8b255bd', NULL),
	('9f7ab991-ef45-4d4f-a8a8-4c75c4df0005', NULL, 'Product Manager Intern', 'Microsoft', 'Redmond, WA', 'Internship', '$7,500/mo', 7500, 'Drive product strategy and work with engineering teams to ship features used by enterprises worldwide.', '{"Data Analysis",Python}', '{"Pursuing degree in any field","Strong communication skills","Technical background preferred"}', '{"Housing provided","Networking events","Full-time conversion opportunity"}', '{"Computer Science","Business Administration",Economics}', '{2026,2027}', 3.00, true, '2026-03-07 00:18:43.196467+00', '2026-03-08 00:18:43.263586+00', 'b04fa57d-6c36-4336-b5b1-60edb106dfe5', NULL),
	('9f7ab991-ef45-4d4f-a8a8-4c75c4df0006', NULL, 'Machine Learning Engineer', 'OpenAI', 'San Francisco, CA', 'Full-time', '$200k-$350k', 200000, 'Work on cutting-edge AI research and build systems that push the boundaries of machine learning.', '{Python,PyTorch,"Machine Learning"}', '{"PhD or equivalent experience in ML/AI","Publications in top ML venues preferred","Strong engineering skills"}', '{"Compute credits","Research freedom","Top-tier compensation"}', '{"Computer Science",Mathematics,Physics}', '{2025,2026}', 3.70, true, '2026-03-04 00:18:43.196467+00', '2026-03-08 00:18:43.263586+00', '1b56d41a-ea02-489e-89ba-244d8186918f', NULL);


--
-- Data for Name: job_applications; Type: TABLE DATA; Schema: public; Owner: postgres
--



--
-- Data for Name: parse_jobs; Type: TABLE DATA; Schema: public; Owner: postgres
--

INSERT INTO "public"."parse_jobs" ("id", "user_id", "parsed_file_id", "status", "error", "attempts", "created_at", "started_at", "finished_at", "locked_at", "locked_by", "storage_path") VALUES
	('62413485-dc6a-4cbb-9ede-cc5fdbcf766e', 'feeaab69-13c0-4e8d-a4bb-e4f98de1b1ba', 'b8cdd66f-f507-415e-9a58-53368328b81d', 'succeeded', NULL, 1, '2026-03-08 01:15:31.45481+00', '2026-03-08 01:15:31.93094+00', '2026-03-08 01:16:42.110381+00', NULL, NULL, 'feeaab69-13c0-4e8d-a4bb-e4f98de1b1ba/988b8b7d-a6cb-4054-9338-31f02de02c05'),
	('cd285d38-b42b-4669-ae40-29420fafa120', 'b017cdcc-5a7c-45c4-b26d-de67319993e4', 'f8a0443b-5eea-4656-8159-b1200aa74553', 'succeeded', NULL, 1, '2026-03-08 01:20:03.505027+00', '2026-03-08 01:20:05.544887+00', '2026-03-08 01:21:06.268884+00', NULL, NULL, 'b017cdcc-5a7c-45c4-b26d-de67319993e4/246ef817-3506-432d-9904-9a3ecee39f1c'),
	('4020a260-109c-42a8-ae10-025dc2ced20a', 'e3c30743-5589-4f32-bfba-e899e7ff146a', '6325b79a-0698-46cf-9c63-3b9b4c9548c8', 'succeeded', NULL, 1, '2026-03-09 01:39:28.551563+00', '2026-03-09 01:39:30.006341+00', '2026-03-09 01:43:07.943157+00', NULL, NULL, 'e3c30743-5589-4f32-bfba-e899e7ff146a/c467ec06-3256-4784-a28a-58ffbcef7897');


--
-- Data for Name: school_aliases; Type: TABLE DATA; Schema: public; Owner: postgres
--

INSERT INTO "public"."school_aliases" ("alias", "school_id", "created_at") VALUES
	('Leland Stanford Jr. University', '33d9113c-9008-52b3-9090-6b3433befafe', '2026-03-08 00:23:18.364043+00'),
	('Stanford University', '33d9113c-9008-52b3-9090-6b3433befafe', '2026-03-08 00:23:18.364043+00'),
	('Leland Stanford Junior University', '33d9113c-9008-52b3-9090-6b3433befafe', '2026-03-08 00:23:18.364043+00'),
	('Leland Stanford Jr University', '33d9113c-9008-52b3-9090-6b3433befafe', '2026-03-08 00:23:18.364043+00');


--
-- Data for Name: buckets; Type: TABLE DATA; Schema: storage; Owner: supabase_storage_admin
--

INSERT INTO "storage"."buckets" ("id", "name", "owner", "created_at", "updated_at", "public", "avif_autodetection", "file_size_limit", "allowed_mime_types", "owner_id", "type") VALUES
	('parse-files', 'parse-files', NULL, '2026-02-06 07:56:51.425472+00', '2026-02-06 07:56:51.425472+00', false, false, NULL, NULL, NULL, 'STANDARD');


--
-- Data for Name: buckets_analytics; Type: TABLE DATA; Schema: storage; Owner: supabase_storage_admin
--



--
-- Data for Name: buckets_vectors; Type: TABLE DATA; Schema: storage; Owner: supabase_storage_admin
--



--
-- Data for Name: objects; Type: TABLE DATA; Schema: storage; Owner: supabase_storage_admin
--

INSERT INTO "storage"."objects" ("id", "bucket_id", "name", "owner", "created_at", "updated_at", "last_accessed_at", "metadata", "version", "owner_id", "user_metadata") VALUES
	('08e74513-0f8a-4a66-a818-51b3928bc863', 'parse-files', 'acecfbbb-75aa-45c3-af04-287375c70e98/401dfd48-4547-41d0-bc56-67698da8fdfc/source.pdf', NULL, '2026-02-06 07:57:09.466891+00', '2026-02-06 07:57:09.466891+00', '2026-02-06 07:57:09.466891+00', '{"eTag": "\"79d4e2edfd8ba270f0bed700dec9ce4c\"", "size": 12048, "mimetype": "application/pdf", "cacheControl": "no-cache", "lastModified": "2026-02-06T07:57:10.000Z", "contentLength": 12048, "httpStatusCode": 200}', 'ead5cb13-09f0-4e40-a10a-f348f3b488c6', NULL, '{}'),
	('474b116c-fcb4-4e71-a6f4-c874e88b4c53', 'parse-files', 'acecfbbb-75aa-45c3-af04-287375c70e98/297922e9-7a7e-4afa-901b-14094226af9a/source.pdf', NULL, '2026-02-06 08:00:19.895343+00', '2026-02-06 08:00:19.895343+00', '2026-02-06 08:00:19.895343+00', '{"eTag": "\"79d4e2edfd8ba270f0bed700dec9ce4c\"", "size": 12048, "mimetype": "application/pdf", "cacheControl": "no-cache", "lastModified": "2026-02-06T08:00:20.000Z", "contentLength": 12048, "httpStatusCode": 200}', '7c4111d2-6f4f-457c-922c-4b0a6206b18d', NULL, '{}'),
	('ccf49591-cdfc-4907-95f5-28006c1c79ca', 'parse-files', 'acecfbbb-75aa-45c3-af04-287375c70e98/62ba6f0f-9f57-42d8-aa97-3ee343535520/source.pdf', NULL, '2026-02-06 08:02:31.062341+00', '2026-02-06 08:02:31.062341+00', '2026-02-06 08:02:31.062341+00', '{"eTag": "\"79d4e2edfd8ba270f0bed700dec9ce4c\"", "size": 12048, "mimetype": "application/pdf", "cacheControl": "no-cache", "lastModified": "2026-02-06T08:02:32.000Z", "contentLength": 12048, "httpStatusCode": 200}', '6791288a-a1ae-4fb9-b859-8f10edcedffa', NULL, '{}'),
	('3f7c756f-b8d1-4687-a38c-6997a122a2af', 'parse-files', 'acecfbbb-75aa-45c3-af04-287375c70e98/db241658-4a72-4fb9-9717-e46711129a73/source.pdf', NULL, '2026-02-06 08:11:46.422535+00', '2026-02-06 08:11:46.422535+00', '2026-02-06 08:11:46.422535+00', '{"eTag": "\"79d4e2edfd8ba270f0bed700dec9ce4c\"", "size": 12048, "mimetype": "application/pdf", "cacheControl": "no-cache", "lastModified": "2026-02-06T08:11:47.000Z", "contentLength": 12048, "httpStatusCode": 200}', 'ab5951cd-8c97-4a9a-bb2f-b2acb0516a3f', NULL, '{}'),
	('c8e3b44c-04fe-4535-a839-fa15b7df2c32', 'parse-files', 'acecfbbb-75aa-45c3-af04-287375c70e98/db241658-4a72-4fb9-9717-e46711129a73/transcript.json', NULL, '2026-02-06 08:13:00.713666+00', '2026-02-06 08:13:00.713666+00', '2026-02-06 08:13:00.713666+00', '{"eTag": "\"fa40bb160108e5cc49adb5e5f714b812\"", "size": 21148, "mimetype": "application/json", "cacheControl": "no-cache", "lastModified": "2026-02-06T08:13:01.000Z", "contentLength": 21148, "httpStatusCode": 200}', '06d27f53-7af6-4eb3-aef0-0dbd1c9e7b60', NULL, '{}'),
	('ab55de11-61c2-4fcc-a4ba-420828d0bba4', 'parse-files', 'acecfbbb-75aa-45c3-af04-287375c70e98/4f2dfbda-2e3d-4c15-a711-92fc64f1e2a8/source.pdf', NULL, '2026-02-06 08:16:21.86087+00', '2026-02-06 08:16:21.86087+00', '2026-02-06 08:16:21.86087+00', '{"eTag": "\"79d4e2edfd8ba270f0bed700dec9ce4c\"", "size": 12048, "mimetype": "application/pdf", "cacheControl": "no-cache", "lastModified": "2026-02-06T08:16:22.000Z", "contentLength": 12048, "httpStatusCode": 200}', '0caa96f6-e26b-439e-9b04-5c34166bc785', NULL, '{}'),
	('932f980c-2f74-49d5-8cea-2d0a5495bf22', 'parse-files', 'acecfbbb-75aa-45c3-af04-287375c70e98/4f2dfbda-2e3d-4c15-a711-92fc64f1e2a8/transcript.json', NULL, '2026-02-06 08:17:56.481083+00', '2026-02-06 08:17:56.481083+00', '2026-02-06 08:17:56.481083+00', '{"eTag": "\"6ab3f7e3dfa8635826c970b563d7ede8\"", "size": 21048, "mimetype": "application/json", "cacheControl": "no-cache", "lastModified": "2026-02-06T08:17:57.000Z", "contentLength": 21048, "httpStatusCode": 200}', '695c7961-5798-4c0d-97e6-350c6940f8f0', NULL, '{}'),
	('8012c0c9-70eb-456a-b478-35acaf193e8d', 'parse-files', 'acecfbbb-75aa-45c3-af04-287375c70e98/9aae8b75-2a1c-406f-b01b-01d2a5ed67af/source.pdf', NULL, '2026-02-06 20:11:56.204524+00', '2026-02-06 20:11:56.204524+00', '2026-02-06 20:11:56.204524+00', '{"eTag": "\"79d4e2edfd8ba270f0bed700dec9ce4c\"", "size": 12048, "mimetype": "application/pdf", "cacheControl": "no-cache", "lastModified": "2026-02-06T20:11:57.000Z", "contentLength": 12048, "httpStatusCode": 200}', '11ca067a-6ff8-4f1a-ab9b-866b5fa77b07', NULL, '{}'),
	('ffd558b8-badf-47dd-8d34-d61eee03af4a', 'parse-files', 'acecfbbb-75aa-45c3-af04-287375c70e98/9aae8b75-2a1c-406f-b01b-01d2a5ed67af/transcript.json', NULL, '2026-02-06 20:14:46.693103+00', '2026-02-06 20:14:46.693103+00', '2026-02-06 20:14:46.693103+00', '{"eTag": "\"bc18cac94325ca79f627015aa5f7a608\"", "size": 21117, "mimetype": "application/json", "cacheControl": "no-cache", "lastModified": "2026-02-06T20:14:47.000Z", "contentLength": 21117, "httpStatusCode": 200}', 'e096425a-1de0-4211-8889-533a6518ca18', NULL, '{}'),
	('2a00676a-abee-4100-8a8d-e25b74e0b54a', 'parse-files', 'acecfbbb-75aa-45c3-af04-287375c70e98/4ee6363f-f51c-4bdc-b056-6c96207b4124/source.pdf', NULL, '2026-02-06 20:35:06.925657+00', '2026-02-06 20:35:06.925657+00', '2026-02-06 20:35:06.925657+00', '{"eTag": "\"7bf9829c4d2d62f58ca046d7f3137a8c\"", "size": 19680, "mimetype": "application/pdf", "cacheControl": "no-cache", "lastModified": "2026-02-06T20:35:07.000Z", "contentLength": 19680, "httpStatusCode": 200}', '006c317d-a00f-4bb6-8ceb-c340742314db', NULL, '{}'),
	('1658bc5f-e810-4998-bef5-f1329c729bfb', 'parse-files', 'acecfbbb-75aa-45c3-af04-287375c70e98/4ee6363f-f51c-4bdc-b056-6c96207b4124/transcript.json', NULL, '2026-02-06 20:36:29.613978+00', '2026-02-06 20:36:29.613978+00', '2026-02-06 20:36:29.613978+00', '{"eTag": "\"b7b7cfac2cfbae24307fe3bda9ffd64c\"", "size": 12837, "mimetype": "application/json", "cacheControl": "no-cache", "lastModified": "2026-02-06T20:36:30.000Z", "contentLength": 12837, "httpStatusCode": 200}', '3924b18c-832a-4854-b004-cc68e0fb24c9', NULL, '{}'),
	('68e615b2-c396-4c78-80c0-c478a7aa8d40', 'parse-files', 'acecfbbb-75aa-45c3-af04-287375c70e98/d35b9e96-dee5-4830-82bd-aad8a13f37ed/source.pdf', NULL, '2026-02-06 20:38:20.798865+00', '2026-02-06 20:38:20.798865+00', '2026-02-06 20:38:20.798865+00', '{"eTag": "\"7bf9829c4d2d62f58ca046d7f3137a8c\"", "size": 19680, "mimetype": "application/pdf", "cacheControl": "no-cache", "lastModified": "2026-02-06T20:38:21.000Z", "contentLength": 19680, "httpStatusCode": 200}', '093eb6d9-d67b-47a3-865e-0768af757340', NULL, '{}'),
	('a2646839-ecd4-4bd9-9b21-7def35944e09', 'parse-files', 'acecfbbb-75aa-45c3-af04-287375c70e98/d35b9e96-dee5-4830-82bd-aad8a13f37ed/transcript.json', NULL, '2026-02-06 20:38:59.427304+00', '2026-02-06 20:38:59.427304+00', '2026-02-06 20:38:59.427304+00', '{"eTag": "\"50cd22745a05c64470a5942b2bec29ce\"", "size": 13676, "mimetype": "application/json", "cacheControl": "no-cache", "lastModified": "2026-02-06T20:39:00.000Z", "contentLength": 13676, "httpStatusCode": 200}', '05c6b6db-9f9f-45fc-a40e-2ceaad33cb50', NULL, '{}'),
	('669b6ea3-f1e1-4f1e-9a8a-d5bbabc29293', 'parse-files', 'acecfbbb-75aa-45c3-af04-287375c70e98/89a3ab7b-46d0-4a5d-bb65-a755354b10c7/source.pdf', NULL, '2026-02-06 20:50:22.586606+00', '2026-02-06 20:50:22.586606+00', '2026-02-06 20:50:22.586606+00', '{"eTag": "\"7bf9829c4d2d62f58ca046d7f3137a8c\"", "size": 19680, "mimetype": "application/pdf", "cacheControl": "no-cache", "lastModified": "2026-02-06T20:50:23.000Z", "contentLength": 19680, "httpStatusCode": 200}', '30a3bc63-0375-48ad-bb31-916ca557c055', NULL, '{}'),
	('088cf5e1-80c8-46e0-8e29-e8f5c7c710df', 'parse-files', 'acecfbbb-75aa-45c3-af04-287375c70e98/89a3ab7b-46d0-4a5d-bb65-a755354b10c7/transcript.json', NULL, '2026-02-06 20:51:48.033079+00', '2026-02-06 20:51:48.033079+00', '2026-02-06 20:51:48.033079+00', '{"eTag": "\"b839f51be1b356718f71de0eea87beb4\"", "size": 11843, "mimetype": "application/json", "cacheControl": "no-cache", "lastModified": "2026-02-06T20:51:48.000Z", "contentLength": 11843, "httpStatusCode": 200}', '3f066f46-078d-427f-a5f7-3001108897c4', NULL, '{}'),
	('a1496165-db06-4681-b68d-3df05d22f48c', 'parse-files', '6c796316-41ee-4817-99d8-19895bef3729/6c33cd70-2fa1-434b-8303-0036d181b5d8/source.pdf', NULL, '2026-02-23 08:11:20.03598+00', '2026-02-23 08:11:20.03598+00', '2026-02-23 08:11:20.03598+00', '{"eTag": "\"02cc9067426f46d0ecb0335d293a9654\"", "size": 65421, "mimetype": "application/pdf", "cacheControl": "no-cache", "lastModified": "2026-02-23T08:11:20.000Z", "contentLength": 65421, "httpStatusCode": 200}', '156aa355-85ff-4e40-a07a-f61c0526ba91', NULL, '{}'),
	('e7e7af62-3515-453b-b9dc-ca7afb42f4ce', 'parse-files', 'ef76bec1-968a-4c17-b1fb-0d343ef88c44/670f32cd-bff3-438f-b7ec-651cf4f07963/source.pdf', NULL, '2026-02-23 08:12:34.553254+00', '2026-02-23 08:12:34.553254+00', '2026-02-23 08:12:34.553254+00', '{"eTag": "\"412a4d8b600220b2e5956c8b62289469\"", "size": 12021, "mimetype": "application/pdf", "cacheControl": "no-cache", "lastModified": "2026-02-23T08:12:35.000Z", "contentLength": 12021, "httpStatusCode": 200}', '16deae8e-190a-4c1f-a351-3fd897dc6f95', NULL, '{}'),
	('fab29e6c-1ff4-4f65-b731-a0f550d0b22f', 'parse-files', 'ef76bec1-968a-4c17-b1fb-0d343ef88c44/0f6b14c1-77c8-4022-a847-96ec0f6cdc71/source.pdf', NULL, '2026-02-23 08:15:37.810652+00', '2026-02-23 08:15:37.810652+00', '2026-02-23 08:15:37.810652+00', '{"eTag": "\"412a4d8b600220b2e5956c8b62289469\"", "size": 12021, "mimetype": "application/pdf", "cacheControl": "no-cache", "lastModified": "2026-02-23T08:15:38.000Z", "contentLength": 12021, "httpStatusCode": 200}', '1556adf6-58fc-4ff5-84c1-514d667ba32e', NULL, '{}'),
	('aebc2117-c437-4f37-bbd3-b6ea4b9baef6', 'parse-files', 'ef76bec1-968a-4c17-b1fb-0d343ef88c44/934ebb3b-e349-4097-9904-645c0de2dccc/source.pdf', NULL, '2026-02-23 08:17:06.572771+00', '2026-02-23 08:17:06.572771+00', '2026-02-23 08:17:06.572771+00', '{"eTag": "\"412a4d8b600220b2e5956c8b62289469\"", "size": 12021, "mimetype": "application/pdf", "cacheControl": "no-cache", "lastModified": "2026-02-23T08:17:07.000Z", "contentLength": 12021, "httpStatusCode": 200}', 'f0e64e12-5f26-429e-8b70-c22ea17132df', NULL, '{}'),
	('6423327f-2d0f-4ea8-9870-2c7abc5726f7', 'parse-files', 'ef76bec1-968a-4c17-b1fb-0d343ef88c44/fb5ccf0c-6713-446e-af47-b8ced171e3a8/source.pdf', NULL, '2026-02-23 08:18:44.115357+00', '2026-02-23 08:18:44.115357+00', '2026-02-23 08:18:44.115357+00', '{"eTag": "\"412a4d8b600220b2e5956c8b62289469\"", "size": 12021, "mimetype": "application/pdf", "cacheControl": "no-cache", "lastModified": "2026-02-23T08:18:45.000Z", "contentLength": 12021, "httpStatusCode": 200}', 'ad9e3377-631f-4759-9aaf-40e083df6dea', NULL, '{}'),
	('b91362fa-176a-49a9-9bd9-476509b447e5', 'parse-files', 'a7661f64-d65b-4fa7-a011-fb81147ff809/478ba4ae-b8ba-41b1-8173-23d6f1f2c4c0/source.pdf', NULL, '2026-02-23 08:20:29.000392+00', '2026-02-23 08:20:29.000392+00', '2026-02-23 08:20:29.000392+00', '{"eTag": "\"1b0ecdb60aa613707a4e7fea4f532033\"", "size": 15478, "mimetype": "application/pdf", "cacheControl": "no-cache", "lastModified": "2026-02-23T08:20:29.000Z", "contentLength": 15478, "httpStatusCode": 200}', 'd529fd59-55e2-490c-a695-646b8a064f8a', NULL, '{}'),
	('a3b555f4-63b3-4fb9-9ee5-2a7fe54e00cb', 'parse-files', 'a23654e0-5b2d-45d9-be21-6c6d39011a54/428e7f6f-c901-42e1-9fe3-b77e81c03c00/source.pdf', NULL, '2026-02-23 09:45:11.032814+00', '2026-02-23 09:45:11.032814+00', '2026-02-23 09:45:11.032814+00', '{"eTag": "\"02cc9067426f46d0ecb0335d293a9654\"", "size": 65421, "mimetype": "application/pdf", "cacheControl": "no-cache", "lastModified": "2026-02-23T09:45:11.000Z", "contentLength": 65421, "httpStatusCode": 200}', '3c7ed5b8-ada9-44a3-8d51-b999fc0ac445', NULL, '{}'),
	('69a5e3fd-b8ec-448f-9bc6-b0a52574cab0', 'parse-files', 'd122b6db-22da-4701-a75c-282044a408a9/ae2a571b-8595-4dc4-a925-5d067514162c/source.pdf', NULL, '2026-02-23 20:53:15.535205+00', '2026-02-23 20:53:15.535205+00', '2026-02-23 20:53:15.535205+00', '{"eTag": "\"1b0ecdb60aa613707a4e7fea4f532033\"", "size": 15478, "mimetype": "application/pdf", "cacheControl": "no-cache", "lastModified": "2026-02-23T20:53:16.000Z", "contentLength": 15478, "httpStatusCode": 200}', '2fee34f8-8fdf-49d0-9c1a-50e2b480415c', NULL, '{}'),
	('766f43cc-c673-4d6a-b3ae-25a0eb7e8c68', 'parse-files', 'a23654e0-5b2d-45d9-be21-6c6d39011a54/ba4d6a79-bfb5-4b02-a061-c137ee3435fc/source.pdf', NULL, '2026-02-23 20:53:27.623713+00', '2026-02-23 20:53:27.623713+00', '2026-02-23 20:53:27.623713+00', '{"eTag": "\"02cc9067426f46d0ecb0335d293a9654\"", "size": 65421, "mimetype": "application/pdf", "cacheControl": "no-cache", "lastModified": "2026-02-23T20:53:28.000Z", "contentLength": 65421, "httpStatusCode": 200}', 'b95dc405-791f-4797-a436-ad30ee7257b5', NULL, '{}'),
	('9aafd227-351e-4fad-bcc2-d9276a361e21', 'parse-files', '7c406d41-533b-401e-93d1-55bc2298e512/8348d125-2bdf-4570-8900-2ce4427399f6/source.pdf', NULL, '2026-02-25 22:32:29.003868+00', '2026-02-25 22:32:29.003868+00', '2026-02-25 22:32:29.003868+00', '{"eTag": "\"fe37c32c779f56dee00529c59568674e\"", "size": 279392, "mimetype": "application/pdf", "cacheControl": "no-cache", "lastModified": "2026-02-25T22:32:29.000Z", "contentLength": 279392, "httpStatusCode": 200}', 'bff9adf2-295e-4b16-b85d-fc6fd0dcd17a', NULL, '{}'),
	('c4c6e007-ab3a-423d-9fcd-99a9b2e7f03a', 'parse-files', '8f253cc8-310c-485c-b5ce-cd8a911322d9/e05d1ece-2650-4828-ada8-7880515ad6fc/source.pdf', NULL, '2026-03-02 22:11:11.898275+00', '2026-03-02 22:11:11.898275+00', '2026-03-02 22:11:11.898275+00', '{"eTag": "\"cc3dddfa5f5225f5d3341f55b6216b46\"", "size": 3780, "mimetype": "application/pdf", "cacheControl": "no-cache", "lastModified": "2026-03-02T22:11:12.000Z", "contentLength": 3780, "httpStatusCode": 200}', '09eb8050-c08a-4ea1-bd67-767e1427c886', NULL, '{}'),
	('70ff5480-ee60-486e-8039-3ed39ff73101', 'parse-files', 'd122b6db-22da-4701-a75c-282044a408a9/4f5668f9-360f-444f-b3a6-9d916ec21662/source.pdf', NULL, '2026-03-02 22:33:56.8286+00', '2026-03-02 22:33:56.8286+00', '2026-03-02 22:33:56.8286+00', '{"eTag": "\"1b0ecdb60aa613707a4e7fea4f532033\"", "size": 15478, "mimetype": "application/pdf", "cacheControl": "no-cache", "lastModified": "2026-03-02T22:33:57.000Z", "contentLength": 15478, "httpStatusCode": 200}', '95f24a67-fd31-4cdb-95ee-90f2df9f33c3', NULL, '{}'),
	('0e681447-2614-4694-a088-7f380a941400', 'parse-files', '4b7f0fce-7896-411f-9cb2-c94f5342b693/f4ec26e5-dc38-435a-bd83-2c21db070a1c/source.pdf', NULL, '2026-03-08 00:26:57.396335+00', '2026-03-08 00:26:57.396335+00', '2026-03-08 00:26:57.396335+00', '{"eTag": "\"14b60889f397ce84b60e0448d058b290\"", "size": 13653, "mimetype": "application/pdf", "cacheControl": "no-cache", "lastModified": "2026-03-08T00:26:58.000Z", "contentLength": 13653, "httpStatusCode": 200}', '9de0ce8a-eb61-41a6-a751-baac0393b9ca', NULL, '{}'),
	('0c419344-2b04-4b16-88a0-6865e4fa051d', 'parse-files', 'feeaab69-13c0-4e8d-a4bb-e4f98de1b1ba/b91f302c-967e-44d2-96bd-e463afc00647/source.pdf', NULL, '2026-03-08 00:59:11.193569+00', '2026-03-08 00:59:11.193569+00', '2026-03-08 00:59:11.193569+00', '{"eTag": "\"79d4e2edfd8ba270f0bed700dec9ce4c\"", "size": 12048, "mimetype": "application/pdf", "cacheControl": "no-cache", "lastModified": "2026-03-08T00:59:12.000Z", "contentLength": 12048, "httpStatusCode": 200}', 'c4f93ecd-f08d-4364-af38-31c5b1f0bc42', NULL, '{}'),
	('05a97aa5-bbf6-4b08-aca0-6446b2bd1369', 'parse-files', 'feeaab69-13c0-4e8d-a4bb-e4f98de1b1ba/b91f302c-967e-44d2-96bd-e463afc00647/transcript.json', NULL, '2026-03-08 01:01:19.729236+00', '2026-03-08 01:01:19.729236+00', '2026-03-08 01:01:19.729236+00', '{"eTag": "\"204624af94acd87991ce1fa886bbd7d5\"", "size": 20988, "mimetype": "application/json", "cacheControl": "no-cache", "lastModified": "2026-03-08T01:01:20.000Z", "contentLength": 20988, "httpStatusCode": 200}', '70ff85b8-0ef5-477b-a5e9-a5604d6ebaac', NULL, '{}'),
	('c7b1c7e3-0367-4969-abe4-8a072c212331', 'parse-files', '4b7f0fce-7896-411f-9cb2-c94f5342b693/ea54dd12-092b-4868-9bb2-d54c65fd0d36/source.pdf', NULL, '2026-03-08 01:02:51.132734+00', '2026-03-08 01:02:51.132734+00', '2026-03-08 01:02:51.132734+00', '{"eTag": "\"14b60889f397ce84b60e0448d058b290\"", "size": 13653, "mimetype": "application/pdf", "cacheControl": "no-cache", "lastModified": "2026-03-08T01:02:52.000Z", "contentLength": 13653, "httpStatusCode": 200}', '4edf73ca-0d71-4eae-89a7-fe2b686ee79a', NULL, '{}'),
	('25f12dd7-9f5f-4c04-a773-b7970aa8971e', 'parse-files', 'feeaab69-13c0-4e8d-a4bb-e4f98de1b1ba/ad9d8b53-5082-451a-a214-a1bf5922367b/source.pdf', NULL, '2026-03-08 01:08:51.94968+00', '2026-03-08 01:08:51.94968+00', '2026-03-08 01:08:51.94968+00', '{"eTag": "\"79d4e2edfd8ba270f0bed700dec9ce4c\"", "size": 12048, "mimetype": "application/pdf", "cacheControl": "no-cache", "lastModified": "2026-03-08T01:08:52.000Z", "contentLength": 12048, "httpStatusCode": 200}', '034d8cea-15d7-4608-a255-abb8f102872b', NULL, '{}'),
	('84c977d7-c910-480f-bef3-cf769227bc3c', 'parse-files', 'feeaab69-13c0-4e8d-a4bb-e4f98de1b1ba/1f18f2e4-fd8f-48b8-9eea-c9d1d95630ce/source.pdf', NULL, '2026-03-08 01:09:30.933123+00', '2026-03-08 01:09:30.933123+00', '2026-03-08 01:09:30.933123+00', '{"eTag": "\"79d4e2edfd8ba270f0bed700dec9ce4c\"", "size": 12048, "mimetype": "application/pdf", "cacheControl": "no-cache", "lastModified": "2026-03-08T01:09:31.000Z", "contentLength": 12048, "httpStatusCode": 200}', 'a90129e6-a29e-42d7-8f07-c6fbbe59374e', NULL, '{}'),
	('d2ed8202-d6b3-425e-948a-e2af6b2f0e26', 'parse-files', 'feeaab69-13c0-4e8d-a4bb-e4f98de1b1ba/bb63664b-5b96-40c0-916f-096c28b22156/source.pdf', NULL, '2026-03-08 01:09:40.072967+00', '2026-03-08 01:09:40.072967+00', '2026-03-08 01:09:40.072967+00', '{"eTag": "\"79d4e2edfd8ba270f0bed700dec9ce4c\"", "size": 12048, "mimetype": "application/pdf", "cacheControl": "no-cache", "lastModified": "2026-03-08T01:09:41.000Z", "contentLength": 12048, "httpStatusCode": 200}', 'f3c1edae-e0b9-4c25-9c51-46bbe77cecf0', NULL, '{}'),
	('e03c30f3-6248-4f10-b18c-a50e6f43a2c2', 'parse-files', 'feeaab69-13c0-4e8d-a4bb-e4f98de1b1ba/988b8b7d-a6cb-4054-9338-31f02de02c05/source.pdf', NULL, '2026-03-08 01:15:31.272074+00', '2026-03-08 01:15:31.272074+00', '2026-03-08 01:15:31.272074+00', '{"eTag": "\"79d4e2edfd8ba270f0bed700dec9ce4c\"", "size": 12048, "mimetype": "application/pdf", "cacheControl": "no-cache", "lastModified": "2026-03-08T01:15:32.000Z", "contentLength": 12048, "httpStatusCode": 200}', '19153569-c7c5-4808-a489-543c72cf09a2', NULL, '{}'),
	('c5a32a84-0268-4114-932d-c305d1d9baf6', 'parse-files', 'feeaab69-13c0-4e8d-a4bb-e4f98de1b1ba/988b8b7d-a6cb-4054-9338-31f02de02c05/transcript.json', NULL, '2026-03-08 01:16:41.569717+00', '2026-03-08 01:16:41.569717+00', '2026-03-08 01:16:41.569717+00', '{"eTag": "\"d1e7b11edf1a0ec532e01f893d24ed8e\"", "size": 21045, "mimetype": "application/json", "cacheControl": "no-cache", "lastModified": "2026-03-08T01:16:42.000Z", "contentLength": 21045, "httpStatusCode": 200}', 'cb73f6b7-d624-4f8c-bc70-6fb84b7b69cd', NULL, '{}'),
	('0d34768b-6648-4a09-99b0-a807ae8b2e4b', 'parse-files', 'b017cdcc-5a7c-45c4-b26d-de67319993e4/246ef817-3506-432d-9904-9a3ecee39f1c/source.pdf', NULL, '2026-03-08 01:20:03.425006+00', '2026-03-08 01:20:03.425006+00', '2026-03-08 01:20:03.425006+00', '{"eTag": "\"14b60889f397ce84b60e0448d058b290\"", "size": 13653, "mimetype": "application/pdf", "cacheControl": "no-cache", "lastModified": "2026-03-08T01:20:04.000Z", "contentLength": 13653, "httpStatusCode": 200}', '435b9d6f-3c9e-403d-a02b-bec6b55278b1', NULL, '{}'),
	('358c4f1b-cce3-4c28-be67-1e13519c5c47', 'parse-files', 'b017cdcc-5a7c-45c4-b26d-de67319993e4/246ef817-3506-432d-9904-9a3ecee39f1c/transcript.json', NULL, '2026-03-08 01:21:05.606707+00', '2026-03-08 01:21:05.606707+00', '2026-03-08 01:21:05.606707+00', '{"eTag": "\"f1c2432d4b5029bd846d9c08062cdddf\"", "size": 26524, "mimetype": "application/json", "cacheControl": "no-cache", "lastModified": "2026-03-08T01:21:06.000Z", "contentLength": 26524, "httpStatusCode": 200}', 'b3fc33a6-9ca3-416a-8286-f92fb9af0657', NULL, '{}'),
	('31bb1d04-42db-47df-ba81-c2dc0e76757f', 'parse-files', 'e3c30743-5589-4f32-bfba-e899e7ff146a/c467ec06-3256-4784-a28a-58ffbcef7897/source.pdf', NULL, '2026-03-09 01:39:28.282291+00', '2026-03-09 01:39:28.282291+00', '2026-03-09 01:39:28.282291+00', '{"eTag": "\"10ed014e27dfbfc901859d532f80cf67\"", "size": 55486, "mimetype": "application/pdf", "cacheControl": "no-cache", "lastModified": "2026-03-09T01:39:29.000Z", "contentLength": 55486, "httpStatusCode": 200}', 'f66bb48c-fffb-4016-aaeb-4246bdc28ed6', NULL, '{}'),
	('9d5c83bc-dd3f-4591-bd60-04849f7557f0', 'parse-files', 'e3c30743-5589-4f32-bfba-e899e7ff146a/resumes/1773020376.pdf', NULL, '2026-03-09 01:39:44.987374+00', '2026-03-09 01:39:44.987374+00', '2026-03-09 01:39:44.987374+00', '{"eTag": "\"74ff879f36b4b238484b23899062f112-10\"", "size": 51212387, "mimetype": "application/pdf", "cacheControl": "no-cache", "lastModified": "2026-03-09T01:39:44.000Z", "contentLength": 51212387, "httpStatusCode": 200}', '56102141-d600-4955-9112-42601cfea8c0', NULL, '{}'),
	('483208eb-4c43-49d3-849b-d011c12dbbd5', 'parse-files', 'e3c30743-5589-4f32-bfba-e899e7ff146a/c467ec06-3256-4784-a28a-58ffbcef7897/transcript.json', NULL, '2026-03-09 01:43:07.302693+00', '2026-03-09 01:43:07.302693+00', '2026-03-09 01:43:07.302693+00', '{"eTag": "\"40964d0fe1885d71738c2c34b8b8ae52\"", "size": 35285, "mimetype": "application/json", "cacheControl": "no-cache", "lastModified": "2026-03-09T01:43:08.000Z", "contentLength": 35285, "httpStatusCode": 200}', 'b1e05305-15d2-44f3-849d-3eec60ff2b62', NULL, '{}'),
	('c8ed9025-686c-448b-8b96-ffe4ba350568', 'parse-files', 'a9889f9e-8fe1-4a27-a739-2729af8daa2d/0d891218-ab4d-4946-8f2a-cacb96bf9bd1/source.pdf', NULL, '2026-03-09 02:12:23.928736+00', '2026-03-09 02:12:23.928736+00', '2026-03-09 02:12:23.928736+00', '{"eTag": "\"79d4e2edfd8ba270f0bed700dec9ce4c\"", "size": 12048, "mimetype": "application/pdf", "cacheControl": "no-cache", "lastModified": "2026-03-09T02:12:24.000Z", "contentLength": 12048, "httpStatusCode": 200}', '93ca6d29-b22a-421d-9552-2fc3ee4c2233', NULL, '{}'),
	('95be7dab-a760-4b7e-a3a8-be4d707c0df8', 'parse-files', 'a9889f9e-8fe1-4a27-a739-2729af8daa2d/9dd833b9-fea8-47ff-afe6-9ba32405717a/source.pdf', NULL, '2026-03-09 02:12:27.065413+00', '2026-03-09 02:12:27.065413+00', '2026-03-09 02:12:27.065413+00', '{"eTag": "\"a498fb776eb827126b3bfe54a65cdfa3\"", "size": 77783, "mimetype": "application/pdf", "cacheControl": "no-cache", "lastModified": "2026-03-09T02:12:28.000Z", "contentLength": 77783, "httpStatusCode": 200}', '3a89c03a-54b3-4769-9194-e8cdedee2dcd', NULL, '{}'),
	('e5992034-e1bd-43fe-8882-05bef4598e1e', 'parse-files', 'a9889f9e-8fe1-4a27-a739-2729af8daa2d/0a812c36-31be-469d-a40e-0c79c9a7248e/source.pdf', NULL, '2026-03-09 02:12:54.323435+00', '2026-03-09 02:12:54.323435+00', '2026-03-09 02:12:54.323435+00', '{"eTag": "\"79d4e2edfd8ba270f0bed700dec9ce4c\"", "size": 12048, "mimetype": "application/pdf", "cacheControl": "no-cache", "lastModified": "2026-03-09T02:12:55.000Z", "contentLength": 12048, "httpStatusCode": 200}', 'e51c519f-cfea-42e9-a91a-b5ffb18fb323', NULL, '{}'),
	('77c7f0b0-8801-41d1-b5ff-5eadff0fcbd8', 'parse-files', 'a9889f9e-8fe1-4a27-a739-2729af8daa2d/b69639d5-5c93-47c6-8286-87f160a15098/source.pdf', NULL, '2026-03-09 02:16:44.127379+00', '2026-03-09 02:16:44.127379+00', '2026-03-09 02:16:44.127379+00', '{"eTag": "\"a498fb776eb827126b3bfe54a65cdfa3\"", "size": 77783, "mimetype": "application/pdf", "cacheControl": "no-cache", "lastModified": "2026-03-09T02:16:45.000Z", "contentLength": 77783, "httpStatusCode": 200}', 'ed7d476d-e41d-4d70-b477-91732c2877b3', NULL, '{}'),
	('51bdbffa-7772-41f0-bb0d-c33617b9aa63', 'parse-files', 'a9889f9e-8fe1-4a27-a739-2729af8daa2d/596ce4fd-126d-44da-8e6b-0b6c6495b4d5/source.pdf', NULL, '2026-03-09 02:37:18.523597+00', '2026-03-09 02:37:18.523597+00', '2026-03-09 02:37:18.523597+00', '{"eTag": "\"79d4e2edfd8ba270f0bed700dec9ce4c\"", "size": 12048, "mimetype": "application/pdf", "cacheControl": "no-cache", "lastModified": "2026-03-09T02:37:19.000Z", "contentLength": 12048, "httpStatusCode": 200}', 'a8d2706b-c5e0-428d-8e0d-d776e598ae18', NULL, '{}');


--
-- Data for Name: s3_multipart_uploads; Type: TABLE DATA; Schema: storage; Owner: supabase_storage_admin
--



--
-- Data for Name: s3_multipart_uploads_parts; Type: TABLE DATA; Schema: storage; Owner: supabase_storage_admin
--



--
-- Data for Name: vector_indexes; Type: TABLE DATA; Schema: storage; Owner: supabase_storage_admin
--



--
-- Name: refresh_tokens_id_seq; Type: SEQUENCE SET; Schema: auth; Owner: supabase_auth_admin
--

SELECT pg_catalog.setval('"auth"."refresh_tokens_id_seq"', 268, true);


--
-- PostgreSQL database dump complete
--

-- \unrestrict jNggGf69oNMNAZchDyhGjauBlhwrySSbgBMdteMvSIppWp0fJwRPwcnfDuLctIE

RESET ALL;
